Date,Product_ID,Product_Name,Transaction_Type,Units,Cumulative_Quantity
2017-02-28,1046609,GEELY AUTOMOBILE HOLDINGS LTD,BUY,1660351.0,1660351.0
2017-02-28,1046637,SHENZHOU INTERNATIONAL GROUP LTD,BUY,334401.0,334401.0
2017-02-28,1009161,PetroChina Co. Ltd.,BUY,2677923.0,2677923.0
2017-02-28,1046334,NEW CHINA LIFE INSURANCE (H),BUY,288013.0,288013.0
2017-02-28,1009156,China Life Insurance Co. Ltd.,BUY,515020.0,515020.0
2017-02-28,1046261,HAITONG SECURITIES CO LTD-H,BUY,987494.0,987494.0
2017-02-28,1046685,CHINA GALAXY SECURITIES CLS H LTD,BUY,2314177.0,2314177.0
2017-02-28,1009467,China Construction Bank Corporation,BUY,2488905.0,2488905.0
2017-02-28,1046397,AIR CHINA LTD-H,BUY,1139754.0,1139754.0
2017-02-28,1046605,BEIJING ENTERPRISES HOLDINGS LTD.,BUY,128028.0,128028.0
2017-02-28,1046481,KINGSOFT CORP LTD,BUY,1276362.0,1276362.0
2017-02-28,1046154,NETEASE ADR REPRESENTING INC,BUY,7507.0,7507.0
2017-02-28,1012346,YY Inc,BUY,68187.0,68187.0
2017-02-28,1046198,AAC TECHNOLOGIES HOLDINGS IN,BUY,187903.0,187903.0
2017-02-28,1009493,"Baidu, Inc",BUY,13438.0,13438.0
2017-02-28,1046453,GUANGZHOU R&F PROPERTIES - H,BUY,1592147.0,1592147.0
2017-02-28,1009157,China Unicom (Hong Kong) Limited,BUY,1668320.0,1668320.0
2017-02-28,1046229,CHINA TELECOM CORP LTD-H,BUY,4846156.0,4846156.0
2017-02-28,1009169,HSBC Holdings PLC,BUY,258190.0,258190.0
2017-02-28,1046164,BOC HONG KONG HOLDINGS LTD,BUY,520576.0,520576.0
2017-02-28,1009174,Cheung Kong (Holdings) Limited,BUY,160178.0,160178.0
2017-02-28,1046142,SUN HUNG KAI PROPERTIES,BUY,130555.0,130555.0
2017-02-28,1046241,NEW WORLD DEVELOPMENT,BUY,1496641.0,1496641.0
2017-02-28,1046653,WHEELOCK AND LTD,BUY,342925.0,342925.0
2017-02-28,1046148,POWER ASSETS HOLDINGS LTD,BUY,238368.0,238368.0
2017-02-28,1046381,SHIN KONG FINANCIAL HOLDING,BUY,8010312.0,8010312.0
2017-02-28,1046633,YUANTA FINANCIAL HOLDING CO. LTD.,BUY,4439763.0,4439763.0
2017-02-28,1046572,NANYA TECHNOLOGY CORP,BUY,1057086.0,1057086.0
2017-02-28,1046679,INNOLUX CORP,BUY,4567704.0,4567704.0
2017-02-28,1046269,UNITED MICROELECTRONICS CORP,BUY,5597677.0,5597677.0
2017-02-28,1046439,POWERTECH TECHNOLOGY INC,BUY,869692.0,869692.0
2017-02-28,1046601,LITE-ON TECHNOLOGY CORP.,BUY,1440061.0,1440061.0
2017-02-28,1046415,PHISON ELECTRONICS CORP,BUY,256765.0,256765.0
2017-02-28,1046182,NAN YA PLASTICS CORP.,BUY,806962.0,806962.0
2017-03-31,1046653,WHEELOCK AND LTD,SELL,342925.0,0.0
2017-03-31,1046481,KINGSOFT CORP LTD,SELL,1276362.0,0.0
2017-03-31,1046124,Tencent Holdings Ltd,BUY,122264.0,122264.0
2017-03-31,1046129,LINK REAL ESTATE INVESTMENT TRUST,BUY,385954.0,385954.0
2017-04-14,1046679,INNOLUX CORP,SELL,4567704.0,0.0
2017-04-14,1046272,CATCHER TECHNOLOGY CO LTD,BUY,223029.0,223029.0
2017-04-14,1046453,GUANGZHOU R&F PROPERTIES - H,SELL,1592147.0,0.0
2017-04-14,1046639,EVERGRANDE REAL ESTATE GROUP LTD.,BUY,2638831.0,2638831.0
2017-05-02,1046198,AAC TECHNOLOGIES HOLDINGS IN,SELL,187903.0,0.0
2017-05-02,1046552,ZTE CORP-H,BUY,1437970.0,1437970.0
2017-05-02,1046261,HAITONG SECURITIES CO LTD-H,SELL,987494.0,0.0
2017-05-02,1009156,China Life Insurance Co. Ltd.,BUY,532765.0,1047785.0
2017-05-02,1046154,NETEASE ADR REPRESENTING INC,SELL,7507.0,0.0
2017-05-02,1046552,ZTE CORP-H,BUY,1050286.0,2488256.0
2017-05-15,1012346,YY Inc,SELL,68187.0,0.0
2017-05-15,1046477,TRAVELSKY TECHNOLOGY LTD-H,BUY,1370437.0,1370437.0
2017-05-15,1009161,PetroChina Co. Ltd.,SELL,2677923.0,0.0
2017-05-15,1009164,China Petroleum & Chemical Corp,BUY,2201776.0,2201776.0
2017-05-15,1046685,CHINA GALAXY SECURITIES CLS H LTD,SELL,2314177.0,0.0
2017-05-15,1046333,CHINA TAIPING INSURANCE HOLD,BUY,816055.0,816055.0
2017-05-15,1046605,BEIJING ENTERPRISES HOLDINGS LTD.,SELL,128028.0,0.0
2017-05-15,1046444,WEICHAI POWER CO LTD-H,BUY,367594.0,367594.0
2017-05-31,1046415,PHISON ELECTRONICS CORP,SELL,256765.0,0.0
2017-05-31,1046639,EVERGRANDE REAL ESTATE GROUP LTD.,SELL,2638831.0,0.0
2017-05-31,1046326,CHINA VANKE LTD H,BUY,1777910.0,1777910.0
2017-05-31,1046304,PEGATRON CORP,BUY,899526.0,899526.0
2017-06-16,1046609,GEELY AUTOMOBILE HOLDINGS LTD,SELL,1660351.0,0.0
2017-06-16,1046146,JD.COM ADR REPRESENTING INC CLASS,BUY,79311.0,79311.0
2017-06-16,1046601,LITE-ON TECHNOLOGY CORP.,BUY,1628280.0,3068341.0
2017-06-30,1046678,CHINA RAILWAY CONSTRUCTION CORP LT,BUY,912581.0,912581.0
2017-07-31,1046169,LARGAN PRECISION LTD,BUY,12228.0,12228.0
2017-09-01,1046552,ZTE CORP-H,SELL,1437970.0,1050286.0
2017-09-01,1046552,ZTE CORP-H,SELL,1050286.0,0.0
2017-09-01,1009493,"Baidu, Inc",BUY,28630.0,42068.0
2017-09-01,1009164,China Petroleum & Chemical Corp,SELL,2201776.0,0.0
2017-09-01,1046631,Kunlun Energy Co Ltd,BUY,1858043.0,1858043.0
2017-09-01,1009156,China Life Insurance Co. Ltd.,SELL,515020.0,532765.0
2017-09-01,1009156,China Life Insurance Co. Ltd.,SELL,532765.0,0.0
2017-09-01,1009162,Industrial and Commercial Bank of China Limited,BUY,4534268.0,4534268.0
2017-10-02,1046477,TRAVELSKY TECHNOLOGY LTD-H,SELL,1370437.0,0.0
2017-10-02,1045677,Alibaba Group Holding Ltd,BUY,20755.0,20755.0
2017-10-16,1046444,WEICHAI POWER CO LTD-H,SELL,735188.0,0.0
2017-10-16,1046460,CHINA SOUTHERN AIRLINES CO-H,BUY,1260350.0,1260350.0
2017-11-01,1046572,NANYA TECHNOLOGY CORP,BUY,853920.0,1911006.0
2017-11-17,1046169,LARGAN PRECISION LTD,BUY,11838.0,24066.0
2017-11-17,1046601,LITE-ON TECHNOLOGY CORP.,SELL,1440061.0,1628280.0
2017-11-17,1046169,LARGAN PRECISION LTD,BUY,10470.0,34536.0
2017-12-01,1046460,CHINA SOUTHERN AIRLINES CO-H,SELL,1260350.0,0.0
2017-12-01,1046626,CHINA RAILWAY GROUP LTD H,BUY,1490171.0,1490171.0
2017-12-01,1009467,China Construction Bank Corporation,SELL,2488905.0,0.0
2017-12-01,1046193,CHINA MERCHANTS BANK CO. LTD H,BUY,585939.0,585939.0
2017-12-01,1046229,CHINA TELECOM CORP LTD-H,SELL,4846156.0,0.0
2017-12-01,1009166,China Mobile Limited,BUY,239468.0,239468.0
2017-12-01,1046637,SHENZHOU INTERNATIONAL GROUP LTD,SELL,334401.0,0.0
2017-12-01,1046686,ANTA SPORTS PRODUCTS LTD.,BUY,735641.0,735641.0
2017-12-15,1046492,SUNAC CHINA HOLDINGS LTD,BUY,1670038.0,1670038.0
2017-12-15,1046678,CHINA RAILWAY CONSTRUCTION CORP LT,SELL,912581.0,0.0
2017-12-15,1046254,CHINA COMMUNICATIONS CONST-H,BUY,984857.0,984857.0
2018-01-02,1046169,LARGAN PRECISION LTD,SELL,12228.0,22308.0
2018-01-02,1046394,ACER INC,BUY,2206740.0,2206740.0
2018-01-02,1046394,ACER INC,BUY,3966133.0,6172873.0
2018-02-28,1046419,Fang Holdings Ltd,SELL,342282.0,0.0
2018-02-28,1046315,58.COM INC-ADR,BUY,22925.0,22925.0
2018-02-28,1046334,NEW CHINA LIFE INSURANCE (H),SELL,288013.0,0.0
2018-02-28,1012339,Ping An Insurance (Grp) Co of China Ltd,BUY,163148.0,163148.0
2018-02-28,1009157,China Unicom (Hong Kong) Limited,SELL,1668320.0,0.0
2018-02-28,1046229,CHINA TELECOM CORP LTD-H,BUY,4889226.0,4889226.0
2018-04-02,1046146,JD.COM ADR REPRESENTING INC CLASS,SELL,79311.0,0.0
2018-04-02,1046150,CTRIP.COM INTERNATIONAL ADR REPRE,BUY,67519.0,67519.0
2018-04-16,1046192,FUBON FINANCIAL HOLDING CO,BUY,1907558.0,1907558.0
2018-04-16,1046631,Kunlun Energy Co Ltd,SELL,1858043.0,0.0
2018-04-16,1009158,CNOOC Ltd,BUY,975786.0,975786.0
2018-05-02,1046394,ACER INC,BUY,4101649.0,10274522.0
2018-05-02,1046148,POWER ASSETS HOLDINGS LTD,SELL,238368.0,0.0
2018-05-02,1046244,CHEUNG KONG INFRASTRUCTURE,BUY,243419.0,243419.0
2018-07-02,1046606,SWIRE PROPERTIES LTD,BUY,1046394.0,1046394.0
2018-08-01,1046626,CHINA RAILWAY GROUP LTD H,SELL,1490171.0,0.0
2018-08-01,1046470,AVICHINA INDUSTRY & TECH-H,BUY,2257351.0,2257351.0
2018-08-01,1046204,CHINA RESOURCES LAND LTD,BUY,1432901.0,1432901.0
2018-08-31,1046686,ANTA SPORTS PRODUCTS LTD.,SELL,735641.0,0.0
2018-08-31,1046704,TAL EDUCATION GROUP ADR REPTG,BUY,140473.0,140473.0
2018-08-31,1046124,Tencent Holdings Ltd,SELL,122264.0,0.0
2018-08-31,1046709,SEMICONDUCTOR MANUFACTURING INTERNATIONAL Corp,BUY,4497704.0,4497704.0
2018-09-17,1046572,NANYA TECHNOLOGY CORP,SELL,853920.0,1057086.0
2018-09-17,1009158,CNOOC Ltd,SELL,975786.0,0.0
2018-09-17,1009164,China Petroleum & Chemical Corp,BUY,2008342.0,2008342.0
2018-09-17,1046130,HON HAI PRECISION INDUSTRY LTD,BUY,707801.0,707801.0
2018-11-01,1046333,CHINA TAIPING INSURANCE HOLD,SELL,816055.0,0.0
2018-11-01,1046334,NEW CHINA LIFE INSURANCE (H),BUY,587163.0,587163.0
2018-11-01,1046229,CHINA TELECOM CORP LTD-H,SELL,4889226.0,0.0
2018-11-01,1046479,CHINA COMMUNICATIONS SERVI-H,BUY,2969551.0,2969551.0
2018-11-01,1046439,POWERTECH TECHNOLOGY INC,SELL,869692.0,0.0
2018-11-01,1046128,TAIWAN SEMICONDUCTOR MANUFAC,BUY,279797.0,279797.0
2018-11-01,1046709,SEMICONDUCTOR MANUFACTURING INTERNATIONAL Corp,SELL,4497704.0,0.0
2018-11-01,1046285,LENOVO GROUP LTD,BUY,5818798.0,5818798.0
2018-12-03,1046193,CHINA MERCHANTS BANK CO. LTD H,SELL,585939.0,0.0
2018-12-03,1046187,PICC PROPERTY & CASUALTY-H,BUY,2458495.0,2458495.0
2019-01-02,1009174,Cheung Kong (Holdings) Limited,SELL,160178.0,0.0
2019-01-02,1046645,NWS HOLDINGS LTD,BUY,861886.0,861886.0
2019-01-15,1046334,NEW CHINA LIFE INSURANCE (H),SELL,587163.0,0.0
2019-01-15,1009152,"Bank of Communications Co., Ltd.",BUY,2598597.0,2598597.0
2019-02-18,1046260,FIRST FINANCIAL HOLDING CO,BUY,3904142.0,3904142.0
2019-03-01,1046470,AVICHINA INDUSTRY & TECH-H,SELL,2257351.0,0.0
2019-03-01,1046468,COSCO SHIPPING Ports Ltd,BUY,1469641.0,1469641.0
2019-03-01,1046552,ZTE CORP-H,BUY,1487291.0,1487291.0
2019-03-01,1009493,"Baidu, Inc",SELL,28630.0,13438.0
2019-04-01,1046124,Tencent Holdings Ltd,BUY,115529.0,115529.0
2019-04-01,1046639,EVERGRANDE REAL ESTATE GROUP LTD.,BUY,2041566.0,2041566.0
2019-04-01,1009164,China Petroleum & Chemical Corp,SELL,2008342.0,0.0
2019-04-01,1046240,CHINA SHENHUA ENERGY CO-H,BUY,696052.0,696052.0
2019-05-02,1009493,"Baidu, Inc",SELL,13438.0,0.0
2019-05-02,1046124,Tencent Holdings Ltd,BUY,44629.0,160158.0
2019-07-16,1046130,HON HAI PRECISION INDUSTRY LTD,BUY,1597638.0,2305439.0
2019-09-02,1046130,HON HAI PRECISION INDUSTRY LTD,BUY,1034276.0,3339715.0
2019-09-02,1046639,EVERGRANDE REAL ESTATE GROUP LTD.,SELL,2041566.0,0.0
2019-09-02,1046701,COUNTRY GARDEN HOLDINGS LTD,BUY,3421263.0,3421263.0
2019-09-16,1009157,China Unicom (Hong Kong) Limited,BUY,2255228.0,2255228.0
2019-10-15,1046479,CHINA COMMUNICATIONS SERVI-H,SELL,2969551.0,0.0
2019-10-15,1009157,China Unicom (Hong Kong) Limited,BUY,1664269.0,3919497.0
2019-11-01,1046187,PICC PROPERTY & CASUALTY-H,SELL,2458495.0,0.0
2019-11-01,1046334,NEW CHINA LIFE INSURANCE (H),BUY,812749.0,812749.0
2019-11-01,1046269,UNITED MICROELECTRONICS CORP,BUY,6031744.0,11629421.0
2019-12-02,1046453,GUANGZHOU R&F PROPERTIES - H,BUY,2986340.0,2986340.0
2019-12-02,1046269,UNITED MICROELECTRONICS CORP,BUY,5988498.0,17617919.0
2019-12-16,1045677,Alibaba Group Holding Ltd,SELL,20755.0,0.0
2019-12-16,1046124,Tencent Holdings Ltd,BUY,92775.0,252933.0
2020-01-02,1012339,Ping An Insurance (Grp) Co of China Ltd,SELL,163148.0,0.0
2020-01-02,1046179,CHINA PACIFIC INSURANCE (GROUP) LT,BUY,521120.0,521120.0
2020-01-02,1046201,MTR CORP,BUY,232645.0,232645.0
2020-01-02,1046645,NWS HOLDINGS LTD,SELL,861886.0,0.0
2020-01-02,1046468,COSCO SHIPPING Ports Ltd,SELL,1469641.0,0.0
2020-01-02,1046444,WEICHAI POWER CO LTD-H,BUY,550274.0,550274.0
2020-01-16,1046254,CHINA COMMUNICATIONS CONST-H,SELL,984857.0,0.0
2020-01-16,1046617,CHINA STATE CONSTRUCTION INTERNATI,BUY,923116.0,923116.0
2020-02-04,1009152,"Bank of Communications Co., Ltd.",SELL,2598597.0,0.0
2020-02-04,1009162,Industrial and Commercial Bank of China Limited,BUY,2624981.0,7159249.0
2020-03-02,1046150,CTRIP.COM INTERNATIONAL ADR REPRE,SELL,67519.0,0.0
2020-03-02,1046146,JD.COM ADR REPRESENTING INC CLASS,BUY,47381.0,47381.0
2020-03-31,1046234,SAMSUNG LIFE INSURANCE CO LT,BUY,1151.0,1151.0
2020-03-31,1046627,DONGBU INSURANCE LTD,BUY,1515.0,1515.0
2020-03-31,1046149,SHINHAN FINANCIAL GROUP LTD,BUY,1716.0,1716.0
2020-03-31,1046735,BNK FINANCIAL GROUP INC,BUY,11373.0,11373.0
2020-03-31,1046370,SAMSUNG SECURITIES CO LTD,BUY,1703.0,1703.0
2020-03-31,1046454,SAMSUNG CARD CO,BUY,1671.0,1671.0
2020-03-31,1046569,SK NETWORKS CO LTD,BUY,100648.0,100648.0
2020-03-31,1046159,POSCO,BUY,306.0,306.0
2020-03-31,1046309,KOREA ZINC CO LTD,BUY,145.0,145.0
2020-03-31,1046614,S-OIL CORP,BUY,1031.0,1031.0
2020-03-31,1061574,Hyundai Heavy Industries Holdings Co Ltd,BUY,265.0,265.0
2020-03-31,1046736,DAELIM INDUSTRIAL LTD,BUY,769.0,769.0
2020-03-31,1046195,SAMSUNG C&T CORP,BUY,552.0,552.0
2020-03-31,1046165,AMOREPACIFIC CORP,BUY,2767.0,2767.0
2020-03-31,1046141,HYUNDAI MOTOR,BUY,561.0,561.0
2020-03-31,1046217,HANKOOK TIRE CO LTD,BUY,2645.0,2645.0
2020-03-31,1046740,HANON SYSTEMS,BUY,5456.0,5456.0
2020-03-31,1046216,NCSOFT CORP,BUY,742.0,742.0
2020-03-31,1046319,KAKAO CORP,BUY,3061.0,3061.0
2020-03-31,1046388,S-1 CORPORATION,BUY,630.0,630.0
2020-03-31,1046512,CHEIL WORLDWIDE INC,BUY,3248.0,3248.0
2020-03-31,1046125,Samsung Electronics Ltd,BUY,71197.0,71197.0
2020-03-31,1046145,SK HYNIX INC,BUY,5589.0,5589.0
2020-03-31,1046250,SAMSUNG SDI CO LTD,BUY,1913.0,1913.0
2020-03-31,1046251,LG CORP,BUY,818.0,818.0
2020-03-31,1046267,LG DISPLAY CO LTD,BUY,4547.0,4547.0
2020-03-31,1046310,SK TELECOM,BUY,288.0,288.0
2020-03-31,1046676,SAMSUNG ELECTRO MECHANICS LTD,BUY,4733.0,4733.0
2020-03-31,1061622,SKC Co Ltd,BUY,12200.0,12200.0
2020-03-31,1046540,KUMHO PETROCHEMICAL CO LTD,BUY,776.0,776.0
2020-03-31,1061591,Hyundai Elevator Co Ltd,BUY,872.0,872.0
2020-03-31,1048754,Doosan Bobcat Inc,BUY,2584.0,2584.0
2020-03-31,1046620,HANMI PHARMACEUTICAL CO. LTD.,BUY,188.0,188.0
2020-03-31,1061607,Bukwang Pharmaceutical Co Ltd,BUY,17388.0,17388.0
2020-03-31,1046629,E-MART LTD,BUY,481.0,481.0
2020-03-31,1061582,BGF retail Co Ltd,BUY,377.0,377.0
2020-03-31,1046669,CJ CORP,BUY,772.0,772.0
2020-03-31,1046632,HYUNDAI GLOVIS LTD,BUY,553.0,553.0
2020-03-31,1061571,Samsung Biologics Co Ltd,BUY,971.0,971.0
2020-03-31,1046717,YUHAN CORP,BUY,9960.0,9960.0
2020-04-01,1046142,SUN HUNG KAI PROPERTIES,SELL,130555.0,0.0
2020-04-01,1046277,HANG LUNG PROPERTIES LTD,BUY,1111767.0,1111767.0
2020-04-01,1046241,NEW WORLD DEVELOPMENT,SELL,1496641.0,0.0
2020-04-01,1046653,WHEELOCK AND LTD,BUY,335195.0,335195.0
2020-04-30,1046315,58.COM INC-ADR,SELL,22925.0,0.0
2020-04-30,1046481,KINGSOFT CORP LTD,BUY,341290.0,341290.0
2020-05-15,1046179,CHINA PACIFIC INSURANCE (GROUP) LT,SELL,521120.0,0.0
2020-05-15,1012339,Ping An Insurance (Grp) Co of China Ltd,BUY,147574.0,147574.0
2020-05-29,1061622,SKC Co Ltd,SELL,12200.0,0.0
2020-05-29,1061639,SK Chemicals Co Ltd,BUY,7557.0,7557.0
2020-05-29,1046319,KAKAO CORP,SELL,3061.0,0.0
2020-05-29,1046216,NCSOFT CORP,BUY,1017.0,1759.0
2020-07-01,1046454,SAMSUNG CARD CO,SELL,1671.0,0.0
2020-07-01,1046411,KOREA INVESTMENT HOLDINGS CO,BUY,1017.0,1017.0
2020-07-01,1009157,China Unicom (Hong Kong) Limited,SELL,1664269.0,2255228.0
2020-07-01,1046479,CHINA COMMUNICATIONS SERVI-H,BUY,1496145.0,1496145.0
2020-07-01,1046479,CHINA COMMUNICATIONS SERVI-H,BUY,2027338.0,3523483.0
2020-07-15,1045677,Alibaba Group Holding Ltd,BUY,7674.0,7674.0
2020-07-15,1046453,GUANGZHOU R&F PROPERTIES - H,SELL,2986340.0,0.0
2020-07-15,1046617,CHINA STATE CONSTRUCTION INTERNATI,SELL,923116.0,0.0
2020-07-15,1046492,SUNAC CHINA HOLDINGS LTD,BUY,888883.0,2558921.0
2020-07-15,1046699,CHINA CONCH VENTURE HOLDINGS LTD,BUY,135018.0,135018.0
2020-07-31,1061639,SK Chemicals Co Ltd,SELL,7557.0,0.0
2020-07-31,1061608,Daewoong Pharmaceutical Co Ltd,BUY,18436.0,18436.0
2020-08-31,1046269,UNITED MICROELECTRONICS CORP,SELL,6031744.0,11586175.0
2020-08-31,1046373,REALTEK SEMICONDUCTOR CORP,BUY,363703.0,363703.0
2020-08-31,1046269,UNITED MICROELECTRONICS CORP,SELL,5988498.0,5597677.0
2020-08-31,1046373,REALTEK SEMICONDUCTOR CORP,BUY,349953.0,713656.0
2020-08-31,1046606,SWIRE PROPERTIES LTD,BUY,1181407.0,2227801.0
2020-08-31,1046277,HANG LUNG PROPERTIES LTD,SELL,1111767.0,0.0
2020-08-31,1046240,CHINA SHENHUA ENERGY CO-H,SELL,696052.0,0.0
2020-08-31,1046526,CHINA OILFIELD SERVICES-H,BUY,1758575.0,1758575.0
2020-08-31,1046141,HYUNDAI MOTOR,SELL,561.0,0.0
2020-08-31,1061966,SsangYong Motor Co. Ltd.,BUY,27724.0,27724.0
2020-08-31,1046250,SAMSUNG SDI CO LTD,SELL,1913.0,0.0
2020-08-31,1061619,Iljin Materials Co Ltd,BUY,17231.0,17231.0
2020-08-31,1061591,Hyundai Elevator Co Ltd,SELL,872.0,0.0
2020-08-31,1061600,Doosan Infracore Co Ltd,BUY,4550.0,4550.0
2020-10-05,1046540,KUMHO PETROCHEMICAL CO LTD,SELL,776.0,0.0
2020-10-05,1046409,HANWHA CORPORATION,BUY,3454.0,3454.0
2020-10-15,1046217,HANKOOK TIRE CO LTD,SELL,2645.0,0.0
2020-10-15,1046173,KIA MOTORS CORP,BUY,1825.0,1825.0
2020-10-30,1061582,BGF retail Co Ltd,SELL,377.0,0.0
2020-10-30,1046474,GS RETAIL CO LTD,BUY,1378.0,1378.0
2020-11-30,1046632,HYUNDAI GLOVIS LTD,SELL,553.0,0.0
2020-11-30,1061587,Pan Ocean Co Ltd,BUY,23094.0,23094.0
2020-12-15,1046309,KOREA ZINC CO LTD,SELL,145.0,0.0
2020-12-15,1046159,POSCO,BUY,213.0,519.0
2020-12-30,1061966,SsangYong Motor Co. Ltd.,SELL,27724.0,0.0
2020-12-30,1061708,Hankook Tire Worldwide Co Ltd,BUY,5219.0,5219.0
2021-02-01,1061608,Daewoong Pharmaceutical Co Ltd,SELL,18436.0,0.0
2021-02-01,1061993,Alteogen Inc.,BUY,20353.0,20353.0
2021-02-01,1046524,LG INNOTEK CO LTD,BUY,4696.0,4696.0
2021-02-01,1061571,Samsung Biologics Co Ltd,BUY,483.0,1454.0
2021-02-01,1046188,SK INNOVATION CO LTD,BUY,252.0,252.0
2021-02-01,1046614,S-OIL CORP,SELL,1031.0,0.0
2021-02-01,1046275,SAMSUNG SDS CO LTD,BUY,3632.0,3632.0
2021-02-01,1046216,NCSOFT CORP,SELL,742.0,1017.0
2021-02-01,1046216,NCSOFT CORP,SELL,1017.0,0.0
2021-02-01,1046319,KAKAO CORP,BUY,2186.0,2186.0
2021-02-01,1046676,SAMSUNG ELECTRO MECHANICS LTD,SELL,4733.0,0.0
2021-02-01,1061607,Bukwang Pharmaceutical Co Ltd,SELL,17388.0,0.0
2021-02-01,1009161,PetroChina Co. Ltd.,BUY,6979520.0,6979520.0
2021-02-01,1046526,CHINA OILFIELD SERVICES-H,SELL,1758575.0,0.0
2021-02-01,1046572,NANYA TECHNOLOGY CORP,SELL,1057086.0,0.0
2021-02-15,1061723,S&T Motiv Co Ltd,BUY,1424.0,1424.0
2021-02-15,1046740,HANON SYSTEMS,SELL,5456.0,0.0
2021-02-15,1046165,AMOREPACIFIC CORP,SELL,2767.0,0.0
2021-02-15,1046183,LG HOUSEHOLD & HEALTH CARE,BUY,381.0,381.0
2021-02-15,1046370,SAMSUNG SECURITIES CO LTD,SELL,1703.0,0.0
2021-02-15,1046480,NH INVESTMENT & SECURITIES C,BUY,5801.0,5801.0
2021-02-15,1046145,SK HYNIX INC,SELL,5589.0,0.0
2021-02-15,1046257,LG ELECTRONICS INC,BUY,4455.0,4455.0
2021-02-15,1046620,HANMI PHARMACEUTICAL CO. LTD.,SELL,188.0,0.0
2021-02-15,1061722,SK Discovery Co Ltd,BUY,1039.0,1039.0
2021-02-15,1046548,CHINA COSCO HOLDINGS-H,BUY,1836868.0,1836868.0
2021-02-15,1046444,WEICHAI POWER CO LTD-H,SELL,550274.0,0.0
2021-04-01,1046310,SK TELECOM,SELL,288.0,0.0
2021-04-01,1046520,KT CORP,BUY,2820.0,2820.0
2021-04-01,1046736,DAELIM INDUSTRIAL LTD,SELL,769.0,0.0
2021-04-01,1046467,GS ENGINEERING & CONSTRUCT,BUY,1573.0,1573.0
2021-04-01,1046388,S-1 CORPORATION,SELL,630.0,0.0
2021-04-01,1061993,Alteogen Inc.,SELL,20353.0,0.0
2021-04-01,1046749,HOTEL SHILLA CO LTDINARY SHARES KO,BUY,598.0,598.0
2021-04-01,1061994,Seegene Inc.,BUY,13617.0,13617.0
2021-04-01,1046552,ZTE CORP-H,SELL,1487291.0,0.0
2021-04-01,1046709,SEMICONDUCTOR MANUFACTURING INTERNATIONAL Corp,BUY,1163956.0,1163956.0
2021-04-30,1046735,BNK FINANCIAL GROUP INC,SELL,11373.0,0.0
2021-04-30,1046251,LG CORP,SELL,818.0,0.0
2021-04-30,1046183,LG HOUSEHOLD & HEALTH CARE,SELL,381.0,0.0
2021-04-30,1046669,CJ CORP,SELL,772.0,0.0
2021-04-30,1061994,Seegene Inc.,SELL,13617.0,0.0
2021-04-30,1046569,SK NETWORKS CO LTD,SELL,100648.0,0.0
2021-04-30,1046257,LG ELECTRONICS INC,BUY,655.0,5110.0
2021-04-30,1046166,KB FINANCIAL GROUP INC,BUY,1590.0,1590.0
2021-04-30,1046165,AMOREPACIFIC CORP,BUY,2156.0,2156.0
2021-04-30,1046157,KT&G CORP,BUY,891.0,891.0
2021-04-30,1061761,KEPCO Engineering & Construction Co Inc,BUY,13831.0,13831.0
2021-04-30,1012332,"Celltrion, Inc.",BUY,4759.0,4759.0
2021-04-30,1046269,UNITED MICROELECTRONICS CORP,BUY,1237143.0,6834820.0
2021-04-30,1046572,NANYA TECHNOLOGY CORP,BUY,2106860.0,2106860.0
2021-04-30,1046229,CHINA TELECOM CORP LTD-H,BUY,2502236.0,2502236.0
2021-04-30,1046373,REALTEK SEMICONDUCTOR CORP,SELL,363703.0,349953.0
2021-04-30,1046479,CHINA COMMUNICATIONS SERVI-H,SELL,2027338.0,1496145.0
2021-05-17,1046234,SAMSUNG LIFE INSURANCE CO LT,SELL,1151.0,0.0
2021-05-17,1046722,HYUNDAI MARINE & FIRE INSURANCE LT,BUY,4121.0,4121.0
2021-05-17,1046275,SAMSUNG SDS CO LTD,SELL,3632.0,0.0
2021-05-17,1046143,NAVER CORP,BUY,1885.0,1885.0
2021-05-17,1046164,BOC HONG KONG HOLDINGS LTD,SELL,520576.0,0.0
2021-05-17,1012338,AIA Group Ltd,BUY,194879.0,194879.0
2021-06-15,1046244,CHEUNG KONG INFRASTRUCTURE,SELL,243419.0,0.0
2021-06-15,1046148,POWER ASSETS HOLDINGS LTD,BUY,326796.0,326796.0
2021-06-15,1046479,CHINA COMMUNICATIONS SERVI-H,SELL,1496145.0,0.0
2021-06-15,1009157,China Unicom (Hong Kong) Limited,BUY,1217448.0,3472676.0
2021-06-29,1045899,FirstEnergy Corp,BUY,127624.0,127624.0
2021-06-29,1046075,Iron Mountain Inc,BUY,1146500.0,1146500.0
2021-06-29,1046054,PVH Corp,BUY,49294.0,49294.0
2021-06-29,1046044,Huntington Bancshares Inc/OH,BUY,363381.0,363381.0
2021-06-29,1046043,Darden Restaurants Inc,BUY,34649.0,34649.0
2021-06-29,1050511,Catalent Inc,BUY,43376.0,43376.0
2021-06-29,1046028,Goodyear Tire & Rubber Co/The,BUY,322147.0,322147.0
2021-06-29,1046096,People's United Financial Inc,BUY,327210.0,327210.0
2021-06-29,1046023,Best Buy Co Inc,BUY,45430.0,45430.0
2021-06-29,1046015,Signet Jewelers Ltd,BUY,746741.0,746741.0
2021-06-29,1046030,Interpublic Group of Cos Inc/The,BUY,146481.0,146481.0
2021-06-29,1046238,Hewlett Packard Enterprise Co,BUY,356383.0,356383.0
2021-06-29,1048427,Berkshire Hathaway Inc,BUY,11.0,11.0
2021-06-29,1046776,Charter Communications Inc,BUY,6937.0,6937.0
2021-06-29,1048696,Cirrus Logic Inc,BUY,591295.0,591295.0
2021-06-29,1048430,CF Industries Holdings Inc,BUY,105813.0,105813.0
2021-06-29,1048434,DXC Technology Co,BUY,1290738.0,1290738.0
2021-06-29,1050464,Paycom Software Inc,BUY,129596.0,129596.0
2021-06-29,1050452,Manhattan Associates Inc,BUY,34136.0,34136.0
2021-06-29,1050440,Fair Isaac Corp,BUY,9080.0,9080.0
2021-06-29,1048785,Cheetah Mobile Inc,BUY,2220666.0,2220666.0
2021-06-29,1048741,Tanger Factory Outlet Centers Inc,BUY,2819667.0,2819667.0
2021-06-29,1046012,KeyCorp,BUY,262973.0,262973.0
2021-06-29,1046595,Arthur J Gallagher & Co,BUY,35159.0,35159.0
2021-06-29,1046011,Western Union Co/The,BUY,216956.0,216956.0
2021-06-29,1009087,Procter & Gamble Co/The,BUY,36259.0,36259.0
2021-06-29,1009080,Exxon Mobil Corp,BUY,87489.0,87489.0
2021-06-29,1045709,Eli Lilly & Co,BUY,20950.0,20950.0
2021-06-29,1045714,Simon Property Group Inc,BUY,39940.0,39940.0
2021-06-29,1045716,Abbott Laboratories,BUY,42253.0,42253.0
2021-06-29,1045719,Dow Chemical Co/The,BUY,82614.0,82614.0
2021-06-29,1045722,Broadcom Ltd,BUY,10489.0,10489.0
2021-06-29,1045723,Biogen Inc,BUY,15309.0,15309.0
2021-06-29,1045725,Thermo Fisher Scientific Inc,BUY,95261.0,95261.0
2021-06-29,1045743,FedEx Corp,BUY,168446.0,168446.0
2021-06-29,1045746,Bank of New York Mellon Corp/The,BUY,100270.0,100270.0
2021-06-29,1045757,McKesson Corp,BUY,25104.0,25104.0
2021-06-29,1045767,CME Group Inc,BUY,23865.0,23865.0
2021-06-29,1045775,Marsh & McLennan Cos Inc,BUY,34246.0,34246.0
2021-06-29,1045846,Marathon Petroleum Corp,BUY,772937.0,772937.0
2021-06-29,1045872,M&T Bank Corp,BUY,38735.0,38735.0
2021-06-29,1050479,Tyler Technologies Inc,BUY,10118.0,10118.0
2021-06-29,1045707,Union Pacific Corp,BUY,22758.0,22758.0
2021-06-29,1045701,Honeywell International Inc,BUY,21468.0,21468.0
2021-06-29,1045697,Mastercard Inc,BUY,13074.0,13074.0
2021-06-29,1045694,Medtronic PLC,BUY,39308.0,39308.0
2021-06-29,1009082,Microsoft Corp,BUY,17461.0,17461.0
2021-06-29,1009083,International Business Machines Corp,BUY,35509.0,35509.0
2021-06-29,1009084,General Electric Co,BUY,196712.0,196712.0
2021-06-29,1009097,Wal-Mart Stores Inc,BUY,35368.0,35368.0
2021-06-29,1009100,3M Co,BUY,25099.0,25099.0
2021-06-29,1012334,Chesapeake Energy Corp,BUY,185124.0,185124.0
2021-06-29,1045647,Corning Inc,BUY,123583.0,123583.0
2021-06-29,1009079,Apple Inc,BUY,340357.0,340357.0
2021-06-29,1045649,Amazon.com Inc,BUY,1373.0,1373.0
2021-06-29,1045662,Accenture PLC,BUY,15899.0,15899.0
2021-06-29,1045666,Intel Corp,BUY,89286.0,89286.0
2021-06-29,1045682,Verizon Communications Inc,BUY,89302.0,89302.0
2021-06-29,1045684,Home Depot Inc/The,BUY,15295.0,15295.0
2021-06-29,1045688,Gilead Sciences Inc,BUY,72782.0,72782.0
2021-06-29,1045689,Altria Group Inc,BUY,106331.0,106331.0
2021-06-29,1045691,CVS Health Corp,BUY,60468.0,60468.0
2021-06-29,1045659,Adobe Systems Inc,BUY,80112.0,80112.0
2021-06-29,1050509,Bio-Techne Corp,BUY,10649.0,10649.0
2021-06-29,1045964,Western Digital Corp,BUY,79246.0,79246.0
2021-06-30,1009082,Microsoft Corp,BUY,17461.0,34922.0
2021-06-30,1009083,International Business Machines Corp,BUY,35509.0,71018.0
2021-06-30,1045647,Corning Inc,BUY,123583.0,247166.0
2021-06-30,1045659,Adobe Systems Inc,BUY,80112.0,160224.0
2021-06-30,1045662,Accenture PLC,BUY,15899.0,31798.0
2021-06-30,1045666,Intel Corp,BUY,89286.0,178572.0
2021-06-30,1045682,Verizon Communications Inc,BUY,89302.0,178604.0
2021-06-30,1045688,Gilead Sciences Inc,BUY,72782.0,145564.0
2021-06-30,1045691,CVS Health Corp,BUY,60468.0,120936.0
2021-06-30,1045694,Medtronic PLC,BUY,39308.0,78616.0
2021-06-30,1045709,Eli Lilly & Co,BUY,20950.0,41900.0
2021-06-30,1045716,Abbott Laboratories,BUY,42253.0,84506.0
2021-06-30,1045722,Broadcom Ltd,BUY,10489.0,20978.0
2021-06-30,1045723,Biogen Inc,BUY,15309.0,30618.0
2021-06-30,1062500,DocuSign Inc,BUY,162222.0,162222.0
2021-06-30,1045725,Thermo Fisher Scientific Inc,BUY,95261.0,190522.0
2021-06-30,1045757,McKesson Corp,BUY,25104.0,50208.0
2021-06-30,1062503,Everbridge Inc,BUY,35006.0,35006.0
2021-06-30,1045964,Western Digital Corp,BUY,79246.0,158492.0
2021-06-30,1062044,Federated Hermes Inc,BUY,155799.0,155799.0
2021-06-30,1046030,Interpublic Group of Cos Inc/The,BUY,146481.0,292962.0
2021-06-30,1046238,Hewlett Packard Enterprise Co,BUY,356383.0,712766.0
2021-06-30,1046776,Charter Communications Inc,BUY,6937.0,13874.0
2021-06-30,1048434,DXC Technology Co,BUY,1290738.0,2581476.0
2021-06-30,1048696,Cirrus Logic Inc,BUY,591295.0,1182590.0
2021-06-30,1048785,Cheetah Mobile Inc,BUY,2220666.0,4441332.0
2021-06-30,1050440,Fair Isaac Corp,BUY,9080.0,18160.0
2021-06-30,1009079,Apple Inc,BUY,340357.0,680714.0
2021-06-30,1062571,Manitex International Inc,BUY,674291.0,674291.0
2021-06-30,1062463,National Instruments Corp,BUY,119963.0,119963.0
2021-06-30,1062469,OGE Energy Corp,BUY,150451.0,150451.0
2021-06-30,1062388,Pilgrims Pride Corp,BUY,237928.0,237928.0
2021-06-30,1062410,Raytheon Technologies Corporation,BUY,58220.0,58220.0
2021-06-30,1062450,Six Flags Entertainment Corp,BUY,123921.0,123921.0
2021-06-30,1062391,Treehouse Foods Inc,BUY,111206.0,111206.0
2021-06-30,1062113,United States Cellular Corp,BUY,135700.0,135700.0
2021-06-30,1062537,Zynga Inc,BUY,483220.0,483220.0
2021-06-30,1050452,Manhattan Associates Inc,BUY,34136.0,68272.0
2021-06-30,1050464,Paycom Software Inc,BUY,129596.0,259192.0
2021-06-30,1050479,Tyler Technologies Inc,BUY,10118.0,20236.0
2021-06-30,1050509,Bio-Techne Corp,BUY,10649.0,21298.0
2021-06-30,1050511,Catalent Inc,BUY,43376.0,86752.0
2021-06-30,1062113,United States Cellular Corp,BUY,135700.0,271400.0
2021-06-30,1062463,National Instruments Corp,BUY,119963.0,239926.0
2021-06-30,1062500,DocuSign Inc,BUY,162222.0,324444.0
2021-06-30,1062503,Everbridge Inc,BUY,35006.0,70012.0
2021-06-30,1062537,Zynga Inc,BUY,483220.0,966440.0
2021-06-30,1050532,Horizon Pharma Plc,BUY,499295.0,499295.0
2021-06-30,1050539,Syneos Health Inc,BUY,56713.0,56713.0
2021-06-30,1046130,HON HAI PRECISION INDUSTRY LTD,SELL,1597638.0,1742077.0
2021-06-30,1046679,INNOLUX CORP,BUY,9347188.0,9347188.0
2021-06-30,1061662,LG International Corp,BUY,22296.0,22296.0
2021-06-30,1061761,KEPCO Engineering & Construction Co Inc,SELL,13831.0,0.0
2021-06-30,1046411,KOREA INVESTMENT HOLDINGS CO,SELL,1017.0,0.0
2021-06-30,1046370,SAMSUNG SECURITIES CO LTD,BUY,2325.0,2325.0
2021-07-15,1009083,International Business Machines Corp,SELL,35509.0,35509.0
2021-07-16,1046500,TAIWAN BUSINESS BANK,BUY,10680837.0,10680837.0
2021-07-16,1046503,VANGUARD INTERNATIONAL SEMI,BUY,620866.0,620866.0
2021-07-16,1046572,NANYA TECHNOLOGY CORP,SELL,2106860.0,0.0
2021-07-16,1046724,NOVATEK MICROELECTRONICS CORP.,BUY,325399.0,325399.0
2021-07-16,1046492,SUNAC CHINA HOLDINGS LTD,SELL,888883.0,1670038.0
2021-07-16,1046453,GUANGZHOU R&F PROPERTIES - H,BUY,2738713.0,2738713.0
2021-07-16,1046157,KT&G CORP,SELL,891.0,0.0
2021-07-16,1061631,Grand Korea Leisure Co Ltd,BUY,4526.0,4526.0
2021-07-16,1012332,"Celltrion, Inc.",SELL,4759.0,0.0
2021-07-16,1061629,Green Cross Holdings Corp,BUY,37410.0,37410.0
2021-07-16,1046165,AMOREPACIFIC CORP,SELL,2156.0,0.0
2021-07-16,1061606,Kolmar Korea Co Ltd,BUY,9379.0,9379.0
2021-07-27,1046653,WHEELOCK AND LTD,SELL,335195.0,0.0
2021-07-27,1046184,WHARF HOLDINGS LTD,BUY,342664.0,342664.0
2021-07-27,1100184,Wharf Real Estate Investment Company Limited ,BUY,342664.0,342664.0
2021-08-13,1061587,Pan Ocean Co Ltd,SELL,23094.0,0.0
2021-08-13,1046632,HYUNDAI GLOVIS LTD,BUY,909.0,909.0
2021-08-13,1046629,E-MART LTD,SELL,481.0,0.0
2021-08-13,1046378,"BGF Co., Ltd.",BUY,13313.0,13313.0
2021-08-13,1048754,Doosan Bobcat Inc,SELL,2584.0,0.0
2021-08-13,1061591,Hyundai Elevator Co Ltd,BUY,2175.0,2175.0
2021-09-01,1046130,HON HAI PRECISION INDUSTRY LTD,BUY,1000402.0,2742479.0
2021-09-01,1046503,VANGUARD INTERNATIONAL SEMI,SELL,620866.0,0.0
2021-09-01,1046173,KIA MOTORS CORP,SELL,1825.0,0.0
2021-09-01,1061601,Mando Corp,BUY,2562.0,2562.0
2021-09-16,1061619,Iljin Materials Co Ltd,SELL,17231.0,0.0
2021-09-16,1046250,SAMSUNG SDI CO LTD,BUY,2063.0,2063.0
2021-09-30,1045677,Alibaba Group Holding Ltd,SELL,7674.0,0.0
2021-09-30,1012339,Ping An Insurance (Grp) Co of China Ltd,SELL,147574.0,0.0
2021-09-30,1009162,Industrial and Commercial Bank of China Limited,BUY,1974854.0,9134103.0
2021-09-30,1009493,"Baidu, Inc",BUY,9683.0,9683.0
2021-09-30,1061600,Doosan Infracore Co Ltd,SELL,4550.0,0.0
2021-09-30,1046214,KOREA AEROSPACE INDUSTRIES,BUY,1319.0,1319.0
2021-11-01,1046378,"BGF Co., Ltd.",BUY,13846.0,27159.0
2021-11-01,1046679,INNOLUX CORP,SELL,9347188.0,0.0
2021-11-01,1046269,UNITED MICROELECTRONICS CORP,BUY,2676614.0,9511434.0
2021-11-01,1046267,LG DISPLAY CO LTD,SELL,4547.0,0.0
2021-11-01,1046145,SK HYNIX INC,BUY,836.0,836.0
2021-11-01,1046149,SHINHAN FINANCIAL GROUP LTD,SELL,1716.0,0.0
2021-11-01,1046159,POSCO,SELL,213.0,306.0
2021-11-01,1046735,BNK FINANCIAL GROUP INC,BUY,7493.0,7493.0
2021-11-01,1046602,HYUNDAI STEEL,BUY,1414.0,1414.0
2021-11-01,1046512,CHEIL WORLDWIDE INC,SELL,3248.0,0.0
2021-11-01,1046722,HYUNDAI MARINE & FIRE INSURANCE LT,SELL,4121.0,0.0
2021-11-01,1046234,SAMSUNG LIFE INSURANCE CO LT,BUY,1585.0,1585.0
2021-11-15,1046594,CHINA DEVELOPMENT FINANCIAL HOLDIN,BUY,11926530.0,11926530.0
2021-11-15,1046192,FUBON FINANCIAL HOLDING CO,SELL,1907558.0,0.0
2021-11-15,1046827,VIPSHOP HOLDINGS,BUY,283623.0,283623.0
2021-11-15,1046146,JD.COM ADR REPRESENTING INC CLASS,SELL,47381.0,0.0
2021-11-15,1046234,SAMSUNG LIFE INSURANCE CO LT,BUY,1302.0,2887.0
2021-11-15,1046627,DONGBU INSURANCE LTD,SELL,1515.0,0.0
2021-11-15,1061761,KEPCO Engineering & Construction Co Inc,BUY,6126.0,6126.0
2021-11-15,1061570,Woori Financial Group Inc,BUY,6505.0,6505.0
2021-11-15,1061662,LG International Corp,SELL,22296.0,0.0
2021-11-15,1046166,KB FINANCIAL GROUP INC,SELL,1590.0,0.0
2021-11-15,1061577,Samsung Engineering Co Ltd,BUY,2868.0,2868.0
2021-11-15,1046467,GS ENGINEERING & CONSTRUCT,SELL,1573.0,0.0
2021-12-01,1046188,SK INNOVATION CO LTD,SELL,252.0,0.0
2021-12-01,1046524,LG INNOTEK CO LTD,SELL,4696.0,0.0
2021-12-01,1046614,S-OIL CORP,BUY,598.0,598.0
2021-12-01,1061698,Foosung Co Ltd,BUY,61730.0,61730.0
2021-12-01,1061631,Grand Korea Leisure Co Ltd,SELL,4526.0,0.0
2021-12-01,1046157,KT&G CORP,BUY,649.0,649.0
2021-12-15,1061604,Cosmax Inc,BUY,3764.0,3764.0
2021-12-15,1061606,Kolmar Korea Co Ltd,SELL,9379.0,0.0
2021-12-31,1046827,VIPSHOP HOLDINGS,SELL,283623.0,0.0
2021-12-31,1046638,Guangzhou Automobile Group Co Ltd,BUY,3223338.0,3223338.0
2021-12-31,1046184,WHARF HOLDINGS LTD,BUY,63294.0,405958.0
2021-12-31,1100184,Wharf Real Estate Investment Company Limited ,BUY,63294.0,405958.0
2022-01-28,1046453,GUANGZHOU R&F PROPERTIES - H,SELL,2738713.0,0.0
2022-01-28,1046525,CHINA JINMAO HOLDINGS GROUP,BUY,11339092.0,11339092.0
2022-02-14,1046373,REALTEK SEMICONDUCTOR CORP,SELL,349953.0,0.0
2022-02-14,1046503,VANGUARD INTERNATIONAL SEMI,BUY,1890547.0,1890547.0
2022-02-14,1046195,SAMSUNG C&T CORP,SELL,552.0,0.0
2022-02-14,1046467,GS ENGINEERING & CONSTRUCT,BUY,1550.0,1550.0
2022-02-14,1061761,KEPCO Engineering & Construction Co Inc,SELL,6126.0,0.0
2022-02-14,1046515,POSCO DAEWOO CORP,BUY,21703.0,21703.0
2022-03-01,1046184,WHARF HOLDINGS LTD,SELL,342664.0,63294.0
2022-03-01,1046277,HANG LUNG PROPERTIES LTD,BUY,3172330.0,3172330.0
2022-04-14,1061571,Samsung Biologics Co Ltd,SELL,971.0,483.0
2022-04-14,1061638,Yungjin Pharmaceutical Co Ltd,BUY,91481.0,91481.0
2022-04-14,1061571,Samsung Biologics Co Ltd,SELL,483.0,0.0
2022-04-14,1061993,Alteogen Inc.,BUY,7509.0,7509.0
2022-04-14,1061591,Hyundai Elevator Co Ltd,SELL,2175.0,0.0
2022-04-14,1061740,LIG Nex1 Co Ltd,BUY,1092.0,1092.0
2022-04-29,1061717,Tongyang Inc,BUY,40960.0,40960.0
2022-04-29,1046467,GS ENGINEERING & CONSTRUCT,SELL,1550.0,0.0
2022-06-30,1046503,VANGUARD INTERNATIONAL SEMI,SELL,1890547.0,0.0
2022-06-30,1046184,WHARF HOLDINGS LTD,SELL,63294.0,0.0
2022-06-30,1046202,HENDERSON LAND DEVELOPMENT,BUY,2871536.0,2871536.0
2022-06-30,1009493,"Baidu, Inc",SELL,9683.0,0.0
2022-06-30,1046552,ZTE CORP-H,BUY,616309.0,616309.0
2022-06-30,1046128,TAIWAN SEMICONDUCTOR MANUFAC,BUY,594080.0,873877.0
2022-07-15,1045698,AbbVie Inc,BUY,21485.0,21485.0
2022-07-15,1009490,American International Group Inc,BUY,103843.0,103843.0
2022-07-15,1048432,Coty Inc,BUY,2280660.0,2280660.0
2022-07-15,1050443,Fortinet Inc,BUY,502125.0,502125.0
2022-07-15,1009093,Alphabet Inc,BUY,344953.0,344953.0
2022-07-15,1045672,HP Inc,BUY,117927.0,117927.0
2022-07-15,1050446,IAC/InterActiveCorp,BUY,54486.0,54486.0
2022-07-15,1046025,Kohl's Corp,BUY,118125.0,118125.0
2022-07-15,1009498,McDonald's Corp,BUY,16268.0,16268.0
2022-07-15,1045659,Adobe Systems Inc,SELL,80112.0,80112.0
2022-07-15,1062065,MaxLinear Inc,BUY,1262756.0,1262756.0
2022-07-15,1046023,Best Buy Co Inc,SELL,45430.0,0.0
2022-07-15,1062464,Sabre Corp,BUY,871778.0,871778.0
2022-07-15,1045723,Biogen Inc,SELL,15309.0,15309.0
2022-07-15,1048278,SM Energy Co,BUY,482570.0,482570.0
2022-07-15,1012334,Chesapeake Energy Corp,SELL,185124.0,0.0
2022-07-15,1048696,Cirrus Logic Inc,SELL,591295.0,591295.0
2022-07-15,1046043,Darden Restaurants Inc,SELL,34649.0,0.0
2022-07-15,1050440,Fair Isaac Corp,SELL,9080.0,9080.0
2022-07-15,1009083,International Business Machines Corp,SELL,35509.0,0.0
2022-07-15,1045775,Marsh & McLennan Cos Inc,SELL,34246.0,0.0
2022-07-15,1050464,Paycom Software Inc,SELL,129596.0,129596.0
2022-07-15,1009087,Procter & Gamble Co/The,SELL,36259.0,0.0
2022-07-15,1045964,Western Digital Corp,SELL,79246.0,79246.0
2022-07-15,1062464,Sabre Corp,BUY,871778.0,1743556.0
2022-07-15,1062065,MaxLinear Inc,BUY,1262756.0,2525512.0
2022-07-15,1048696,Cirrus Logic Inc,SELL,591295.0,0.0
2022-07-15,1050446,IAC/InterActiveCorp,BUY,54486.0,108972.0
2022-07-15,1050440,Fair Isaac Corp,SELL,9080.0,0.0
2022-07-15,1009093,Alphabet Inc,BUY,344953.0,689906.0
2022-07-15,1050464,Paycom Software Inc,SELL,129596.0,0.0
2022-07-15,1045672,HP Inc,BUY,117927.0,235854.0
2022-07-15,1045964,Western Digital Corp,SELL,79246.0,0.0
2022-07-15,1050443,Fortinet Inc,BUY,502125.0,1004250.0
2022-07-15,1045659,Adobe Systems Inc,SELL,80112.0,0.0
2022-07-15,1045698,AbbVie Inc,BUY,21485.0,42970.0
2022-07-15,1045723,Biogen Inc,SELL,15309.0,0.0
2022-07-15,1061608,Daewoong Pharmaceutical Co Ltd,BUY,2162.0,2162.0
2022-07-15,1061722,SK Discovery Co Ltd,SELL,1039.0,0.0
2022-08-15,1046277,HANG LUNG PROPERTIES LTD,SELL,3172330.0,0.0
2022-08-15,1046241,NEW WORLD DEVELOPMENT,BUY,7819184.0,7819184.0
2022-08-16,1061601,Mando Corp,SELL,2562.0,0.0
2022-08-16,1046173,KIA MOTORS CORP,BUY,1732.0,1732.0
2022-08-16,1061708,Hankook Tire Worldwide Co Ltd,SELL,5219.0,0.0
2022-08-16,1046141,HYUNDAI MOTOR,BUY,348.0,348.0
2022-09-29,1045861,Apache Corp,BUY,2262760.0,2262760.0
2022-09-29,1048725,Nice Ltd,BUY,26091.0,26091.0
2022-09-29,1050464,Paycom Software Inc,BUY,10593.0,10593.0
2022-09-29,1048785,Cheetah Mobile Inc,SELL,2220666.0,2220666.0
2022-09-29,1045964,Western Digital Corp,BUY,111345.0,111345.0
2022-09-29,1045647,Corning Inc,SELL,123583.0,123583.0
2022-09-29,1045846,Marathon Petroleum Corp,SELL,772937.0,0.0
2022-09-29,1050479,Tyler Technologies Inc,SELL,10118.0,10118.0
2022-09-29,1048785,Cheetah Mobile Inc,SELL,2220666.0,0.0
2022-09-29,1048725,Nice Ltd,BUY,26091.0,52182.0
2022-09-29,1050479,Tyler Technologies Inc,SELL,10118.0,0.0
2022-09-29,1050464,Paycom Software Inc,BUY,10593.0,21186.0
2022-09-29,1045647,Corning Inc,SELL,123583.0,0.0
2022-09-29,1045964,Western Digital Corp,BUY,111345.0,222690.0
2022-09-29,1061698,Foosung Co Ltd,SELL,61730.0,0.0
2022-09-29,1046267,LG DISPLAY CO LTD,BUY,61777.0,61777.0
2022-10-18,1062383,Bunge Ltd,BUY,81026.0,81026.0
2022-10-18,1045654,Netflix Inc,BUY,9396.0,9396.0
2022-10-18,1009090,Pfizer Inc,BUY,112172.0,112172.0
2022-10-18,1046776,Charter Communications Inc,SELL,6937.0,6937.0
2022-10-18,1045656,Visa Inc,BUY,17024.0,17024.0
2022-10-18,1045688,Gilead Sciences Inc,SELL,72782.0,72782.0
2022-10-18,1062391,Treehouse Foods Inc,SELL,111206.0,0.0
2022-10-18,1046011,Western Union Co/The,SELL,216956.0,0.0
2022-10-18,1045688,Gilead Sciences Inc,SELL,72782.0,0.0
2022-10-18,1009090,Pfizer Inc,BUY,112172.0,224344.0
2022-10-18,1046776,Charter Communications Inc,SELL,6937.0,0.0
2022-10-18,1045654,Netflix Inc,BUY,9396.0,18792.0
2022-12-02,1012342,"Meta Platforms, Inc.",BUY,97197.0,97197.0
2022-12-02,1062500,DocuSign Inc,SELL,162222.0,162222.0
2022-12-02,1062500,DocuSign Inc,SELL,162222.0,0.0
2022-12-02,1012342,"Meta Platforms, Inc.",BUY,97197.0,194394.0
2022-12-26,1046241,NEW WORLD DEVELOPMENT,SELL,7819184.0,0.0
2022-12-26,1046124,Tencent Holdings Ltd,SELL,115529.0,137404.0
2022-12-26,1046606,SWIRE PROPERTIES LTD,SELL,1046394.0,1181407.0
2022-12-26,1046128,TAIWAN SEMICONDUCTOR MANUFAC,SELL,594080.0,279797.0
2022-12-26,1046594,CHINA DEVELOPMENT FINANCIAL HOLDIN,SELL,11926530.0,0.0
2022-12-26,1046202,HENDERSON LAND DEVELOPMENT,SELL,2871536.0,0.0
2022-12-26,1009162,Industrial and Commercial Bank of China Limited,SELL,4534268.0,4599835.0
2022-12-27,1009162,Industrial and Commercial Bank of China Limited,SELL,2624981.0,1974854.0
2022-12-27,1009162,Industrial and Commercial Bank of China Limited,SELL,1974854.0,0.0
2022-12-27,1046124,Tencent Holdings Ltd,SELL,44629.0,92775.0
2022-12-27,1046606,SWIRE PROPERTIES LTD,SELL,1181407.0,0.0
2023-01-04,1062506,Lyft Inc,BUY,290604.0,290604.0
2023-01-04,1045727,NextEra Energy Inc,BUY,161949.0,161949.0
2023-01-04,1045899,FirstEnergy Corp,SELL,127624.0,0.0
2023-01-04,1050464,Paycom Software Inc,SELL,10593.0,10593.0
2023-01-04,1050464,Paycom Software Inc,SELL,10593.0,0.0
2023-01-04,1062506,Lyft Inc,BUY,290604.0,581208.0
2023-01-04,1046157,KT&G CORP,SELL,649.0,0.0
2023-01-04,1061631,Grand Korea Leisure Co Ltd,BUY,3267.0,3267.0
2023-02-01,1045722,Broadcom Ltd,SELL,10489.0,10489.0
2023-02-01,1050477,Teradyne Inc,BUY,208786.0,208786.0
2023-02-01,1045722,Broadcom Ltd,SELL,10489.0,0.0
2023-02-01,1050477,Teradyne Inc,BUY,208786.0,417572.0
2023-03-01,1050513,MEDNAX Inc,BUY,2669572.0,2669572.0
2023-03-01,1045757,McKesson Corp,SELL,25104.0,25104.0
2023-03-01,1050513,MEDNAX Inc,BUY,2669572.0,5339144.0
2023-03-01,1045757,McKesson Corp,SELL,25104.0,0.0
2023-03-31,1046157,KT&G CORP,BUY,835.0,835.0
2023-03-31,1046269,UNITED MICROELECTRONICS CORP,SELL,2949673.0,6561761.0
2023-03-31,1046397,AIR CHINA LTD-H,SELL,1139754.0,0.0
2023-03-31,1046381,SHIN KONG FINANCIAL HOLDING,SELL,8010312.0,0.0
2023-03-31,1009169,HSBC Holdings PLC,SELL,258190.0,0.0
2023-03-31,1046633,YUANTA FINANCIAL HOLDING CO. LTD.,SELL,4439763.0,0.0
2023-03-31,1046182,NAN YA PLASTICS CORP.,SELL,806962.0,0.0
2023-03-31,1046272,CATCHER TECHNOLOGY CO LTD,SELL,223029.0,0.0
2023-03-31,1046129,LINK REAL ESTATE INVESTMENT TRUST,SELL,385954.0,0.0
2023-03-31,1046326,CHINA VANKE LTD H,SELL,1777910.0,0.0
2023-03-31,1046304,PEGATRON CORP,SELL,899526.0,0.0
2023-03-31,1046601,LITE-ON TECHNOLOGY CORP.,SELL,1628280.0,0.0
2023-03-31,1046169,LARGAN PRECISION LTD,SELL,22308.0,0.0
2023-03-31,1009166,China Mobile Limited,SELL,239468.0,0.0
2023-03-31,1046492,SUNAC CHINA HOLDINGS LTD,SELL,1670038.0,0.0
2023-03-31,1046394,ACER INC,SELL,10274522.0,0.0
2023-03-31,1046128,TAIWAN SEMICONDUCTOR MANUFAC,SELL,279797.0,0.0
2023-03-31,1046204,CHINA RESOURCES LAND LTD,SELL,1432901.0,0.0
2023-03-31,1046285,LENOVO GROUP LTD,SELL,5818798.0,0.0
2023-03-31,1046701,COUNTRY GARDEN HOLDINGS LTD,SELL,3421263.0,0.0
2023-03-31,1009157,China Unicom (Hong Kong) Limited,SELL,3472676.0,0.0
2023-03-31,1046481,KINGSOFT CORP LTD,SELL,341290.0,0.0
2023-03-31,1009161,PetroChina Co. Ltd.,SELL,6979520.0,0.0
2023-03-31,1012338,AIA Group Ltd,SELL,194879.0,0.0
2023-03-31,1046709,SEMICONDUCTOR MANUFACTURING INTERNATIONAL Corp,SELL,1163956.0,0.0
2023-03-31,1046638,Guangzhou Automobile Group Co Ltd,SELL,3223338.0,0.0
2023-03-31,1100184,Wharf Real Estate Investment Company Limited ,SELL,405958.0,0.0
2023-04-01,1009161,PetroChina Co. Ltd.,BUY,6979520.0,6979520.0
2023-04-01,1046334,NEW CHINA LIFE INSURANCE (H),BUY,812749.0,1625498.0
2023-04-01,1009157,China Unicom (Hong Kong) Limited,BUY,1217448.0,1217448.0
2023-04-01,1046229,CHINA TELECOM CORP LTD-H,BUY,2502236.0,5004472.0
2023-04-01,1009169,HSBC Holdings PLC,BUY,258190.0,258190.0
2023-04-01,1046552,ZTE CORP-H,BUY,616309.0,1232618.0
2023-04-01,1046148,POWER ASSETS HOLDINGS LTD,BUY,326796.0,653592.0
2023-04-01,1046709,SEMICONDUCTOR MANUFACTURING INTERNATIONAL Corp,BUY,1163956.0,1163956.0
2023-04-01,1046201,MTR CORP,BUY,232645.0,465290.0
2023-04-01,1046699,CHINA CONCH VENTURE HOLDINGS LTD,BUY,135018.0,270036.0
2023-04-01,1046548,CHINA COSCO HOLDINGS-H,BUY,1836868.0,3673736.0
2023-04-01,1012338,AIA Group Ltd,BUY,194879.0,194879.0
2023-04-01,1046638,Guangzhou Automobile Group Co Ltd,BUY,3223338.0,3223338.0
2023-04-01,1100184,Wharf Real Estate Investment Company Limited ,BUY,405958.0,405958.0
2023-04-01,1046525,CHINA JINMAO HOLDINGS GROUP,BUY,11339092.0,22678184.0
2023-04-01,1061631,Grand Korea Leisure Co Ltd,SELL,3267.0,0.0
2023-04-01,1009161,PetroChina Co. Ltd.,BUY,6979520.0,13959040.0
2023-04-01,1046334,NEW CHINA LIFE INSURANCE (H),BUY,812749.0,2438247.0
2023-04-01,1009157,China Unicom (Hong Kong) Limited,BUY,1217448.0,2434896.0
2023-04-01,1046229,CHINA TELECOM CORP LTD-H,BUY,2502236.0,7506708.0
2023-04-01,1009169,HSBC Holdings PLC,BUY,258190.0,516380.0
2023-04-01,1046148,POWER ASSETS HOLDINGS LTD,BUY,326796.0,980388.0
2023-04-01,1046269,UNITED MICROELECTRONICS CORP,BUY,2676614.0,9238375.0
2023-04-01,1046552,ZTE CORP-H,BUY,616309.0,1848927.0
2023-04-01,1046704,TAL EDUCATION GROUP ADR REPTG,BUY,140473.0,280946.0
2023-04-01,1046709,SEMICONDUCTOR MANUFACTURING INTERNATIONAL Corp,BUY,1163956.0,2327912.0
2023-04-01,1046130,HON HAI PRECISION INDUSTRY LTD,BUY,1000402.0,3742881.0
2023-04-01,1046201,MTR CORP,BUY,232645.0,697935.0
2023-04-01,1046699,CHINA CONCH VENTURE HOLDINGS LTD,BUY,135018.0,405054.0
2023-04-01,1046180,FORMOSA CHEMICALS & FIBRE,BUY,860567.0,860567.0
2023-04-01,1046548,CHINA COSCO HOLDINGS-H,BUY,1836868.0,5510604.0
2023-04-01,1012338,AIA Group Ltd,BUY,194879.0,389758.0
2023-04-01,1046500,TAIWAN BUSINESS BANK,BUY,10680837.0,21361674.0
2023-04-01,1046724,NOVATEK MICROELECTRONICS CORP.,BUY,325399.0,650798.0
2023-04-01,1046638,Guangzhou Automobile Group Co Ltd,BUY,3223338.0,6446676.0
2023-04-01,1046525,CHINA JINMAO HOLDINGS GROUP,BUY,11339092.0,34017276.0
2023-04-01,1100184,Wharf Real Estate Investment Company Limited ,BUY,405958.0,811916.0
2023-04-01,1046704,TAL EDUCATION GROUP ADR REPTG,BUY,203899.0,484845.0
2023-04-01,1046130,HON HAI PRECISION INDUSTRY LTD,BUY,417823.0,4160704.0
2023-04-01,1046334,NEW CHINA LIFE INSURANCE (H),BUY,1179718.0,3617965.0
2023-04-01,1046201,MTR CORP,BUY,337688.0,1035623.0
2023-04-01,1046699,CHINA CONCH VENTURE HOLDINGS LTD,BUY,195981.0,601035.0
2023-04-01,1046148,POWER ASSETS HOLDINGS LTD,BUY,474349.0,1454737.0
2023-04-01,1046229,CHINA TELECOM CORP LTD-H,BUY,3632035.0,11138743.0
2023-04-01,1046548,CHINA COSCO HOLDINGS-H,BUY,2770255.0,8280859.0
2023-04-01,1046500,TAIWAN BUSINESS BANK,BUY,15503401.0,36865075.0
2023-04-01,1046552,ZTE CORP-H,BUY,894582.0,2743509.0
2023-04-01,1046525,CHINA JINMAO HOLDINGS GROUP,BUY,16458869.0,50476145.0
2023-04-01,1046724,NOVATEK MICROELECTRONICS CORP.,BUY,472322.0,1123120.0
2023-04-01,1009161,PetroChina Co. Ltd.,BUY,17110402.0,31069442.0
2023-04-01,1046709,SEMICONDUCTOR MANUFACTURING INTERNATIONAL Corp,BUY,2853456.0,5181368.0
2023-04-01,1009169,HSBC Holdings PLC,BUY,632957.0,1149337.0
2023-04-01,1009157,China Unicom (Hong Kong) Limited,BUY,2984593.0,5419489.0
2023-04-01,1012338,AIA Group Ltd,BUY,477749.0,867507.0
2023-04-01,1046180,FORMOSA CHEMICALS & FIBRE,BUY,2109693.0,2970260.0
2023-04-01,1100184,Wharf Real Estate Investment Company Limited ,BUY,995212.0,1807128.0
2023-04-01,1046638,Guangzhou Automobile Group Co Ltd,BUY,7902063.0,14348739.0
2023-05-02,1062462,Dell Technologies Inc,BUY,1532216.0,1532216.0
2023-05-02,1045964,Western Digital Corp,SELL,111345.0,111345.0
2023-05-02,1045964,Western Digital Corp,SELL,111345.0,0.0
2023-05-02,1062462,Dell Technologies Inc,BUY,1532216.0,3064432.0
2023-05-31,1046679,INNOLUX CORP,BUY,122768098.0,122768098.0
2023-05-31,1046130,HON HAI PRECISION INDUSTRY LTD,SELL,2452501.0,1708203.0
2023-05-31,1046130,HON HAI PRECISION INDUSTRY LTD,SELL,1000402.0,707801.0
2023-05-31,1046679,INNOLUX CORP,BUY,50028325.0,172796423.0
2023-09-19,1046157,KT&G CORP,SELL,835.0,0.0
2023-09-19,1061631,Grand Korea Leisure Co Ltd,BUY,5022.0,5022.0
2023-10-04,1050467,PTC Inc ,BUY,51778.0,51778.0
2023-10-04,1062463,National Instruments Corp,SELL,119963.0,119963.0
2023-10-04,1062463,National Instruments Corp,SELL,119963.0,0.0
2023-10-04,1050467,PTC Inc ,BUY,51778.0,103556.0
2023-12-01,1046679,INNOLUX CORP,SELL,50028325.0,122768098.0
2023-12-01,1046503,VANGUARD INTERNATIONAL SEMI,BUY,8312802.0,8312802.0
2023-12-01,1046503,VANGUARD INTERNATIONAL SEMI,BUY,20399382.0,28712184.0
2023-12-01,1046679,INNOLUX CORP,SELL,122768098.0,0.0
2023-12-02,1046141,HYUNDAI MOTOR,SELL,348.0,0.0
2023-12-02,1061684,Kumho Tire Co Inc,BUY,15947.0,15947.0
2023-12-15,1046157,KT&G CORP,BUY,1193.0,1193.0
2023-12-15,1061631,Grand Korea Leisure Co Ltd,SELL,5022.0,0.0
2024-01-15,1046130,HON HAI PRECISION INDUSTRY LTD,BUY,15456130.0,16163931.0
2024-01-15,1046503,VANGUARD INTERNATIONAL SEMI,SELL,20399382.0,8312802.0
2024-01-15,1046503,VANGUARD INTERNATIONAL SEMI,SELL,8312802.0,0.0
2024-01-15,1046130,HON HAI PRECISION INDUSTRY LTD,BUY,6298414.0,22462345.0
2024-02-01,1045647,Corning Inc,BUY,8123423.0,8123423.0
2024-02-01,1062462,Dell Technologies Inc,SELL,1532216.0,1532216.0
2024-02-01,1045647,Corning Inc,BUY,8123423.0,16246846.0
2024-02-01,1062462,Dell Technologies Inc,SELL,1532216.0,0.0
2024-02-01,1045647,Corning Inc,SELL,4118004.0,12128842.0
2024-02-01,1046538,LOTTE CONFECTIONERY CO LTD,BUY,3659.0,3659.0
2024-02-01,1046474,GS RETAIL CO LTD,SELL,1378.0,0.0
2024-02-05,1050518,Chemed Corp,BUY,6088.0,6088.0
2024-03-05,1046269,UNITED MICROELECTRONICS CORP,BUY,3944839.524,13183214.524
2024-03-05,1046269,UNITED MICROELECTRONICS CORP,SELL,49346283.0,0.0
2024-04-14,1046157,KT&G CORP,SELL,1193.0,0.0
2024-04-14,1061631,Grand Korea Leisure Co Ltd,BUY,20900.0,20900.0
2024-04-14,1061723,S&T Motiv Co Ltd,SELL,1424.0,0.0
2024-04-14,1046141,HYUNDAI MOTOR,BUY,279.0,279.0
2024-04-30,1046679,INNOLUX CORP,SELL,158230600.0,0.0
2024-04-30,1046679,INNOLUX CORP,BUY,23319387.47,23319387.47
2024-05-01,1046239,CITIC LTD,BUY,251809.0,251809.0
2024-05-01,1046398,FIRST PACIFIC CO,BUY,11837460.0,11837460.0
2024-05-01,1046618,HUATAI SECURITIES LTD H,BUY,3297527.0,3297527.0
2024-05-01,1046679,INNOLUX CORP,BUY,57225119.0,80544506.47
2024-05-01,1046503,VANGUARD INTERNATIONAL SEMI,BUY,3941123.0,3941123.0
2024-05-01,1009169,HSBC Holdings PLC,SELL,258190.0,891147.0
2024-05-01,1046398,FIRST PACIFIC CO,BUY,68379382.0,80216842.0
2024-05-01,1046334,NEW CHINA LIFE INSURANCE (H),SELL,812749.0,2805216.0
2024-05-01,1046699,CHINA CONCH VENTURE HOLDINGS LTD,SELL,135018.0,466017.0
2024-05-01,1046618,HUATAI SECURITIES LTD H,BUY,1343751.0,4641278.0
2024-05-01,1046398,FIRST PACIFIC CO,SELL,68379382.0,11837460.0
2024-05-01,1046239,CITIC LTD,BUY,102613.0,354422.0
2024-05-01,1046398,FIRST PACIFIC CO,BUY,4823796.0,16661256.0
2024-05-01,1009169,HSBC Holdings PLC,SELL,632957.0,258190.0
2024-05-01,1046699,CHINA CONCH VENTURE HOLDINGS LTD,SELL,330999.0,135018.0
2024-05-01,1046334,NEW CHINA LIFE INSURANCE (H),SELL,1992467.0,812749.0
2024-05-01,1046269,UNITED MICROELECTRONICS CORP,SELL,6561761.0,0.0
2024-05-01,1046130,HON HAI PRECISION INDUSTRY LTD,SELL,15456130.0,7006215.0
2024-05-01,1046398,FIRST PACIFIC CO,SELL,68379382.0,0.0
2024-05-01,1046398,FIRST PACIFIC CO,BUY,4823796.482,4823796.482
2024-05-01,1009169,HSBC Holdings PLC,SELL,258190.0,0.0
2024-05-01,1046130,HON HAI PRECISION INDUSTRY LTD,SELL,6298414.0,707801.0
2024-05-01,1046398,FIRST PACIFIC CO,BUY,68379382.0,73203178.482
2024-05-01,1046679,INNOLUX CORP,BUY,158230600.0,238775106.47
2024-05-01,1046334,NEW CHINA LIFE INSURANCE (H),SELL,812749.0,0.0
2024-05-01,1046618,HUATAI SECURITIES LTD H,BUY,1343751.0,5985029.0
2024-05-01,1046269,UNITED MICROELECTRONICS CORP,SELL,2676614.0,0.0
2024-05-01,1046503,VANGUARD INTERNATIONAL SEMI,BUY,1606018.0,5547141.0
2024-05-01,1046239,CITIC LTD,BUY,102613.0,457035.0
2024-05-01,1046699,CHINA CONCH VENTURE HOLDINGS LTD,SELL,135018.0,0.0
2024-05-01,1046695,LOTTE SHOPPING LTD,BUY,491.0,491.0
2024-05-01,1046257,LG ELECTRONICS INC,SELL,4455.0,655.0
2024-05-01,1061975,Korea Electric Terminal Co. Ltd.,BUY,6407.0,6407.0
2024-05-01,1061973,Unid Co. Ltd.,BUY,4435.0,4435.0
2024-05-01,1046749,HOTEL SHILLA CO LTDINARY SHARES KO,SELL,598.0,0.0
2024-05-02,1045858,Dollar Tree Inc,BUY,17592.0,17592.0
2024-05-02,1047000,Duke Realty Corp,BUY,120344.0,120344.0
2024-05-02,1045971,Extra Space Storage Inc,BUY,2495545.0,2495545.0
2024-05-02,1050442,FireEye Inc,BUY,1483352.0,1483352.0
2024-05-02,1046595,Arthur J Gallagher & Co,SELL,35159.0,0.0
2024-05-02,1045951,Micron Technology Inc,BUY,24078.0,24078.0
2024-05-02,1045764,Prudential Financial Inc,BUY,75364.0,75364.0
2024-05-02,1062525,Sterling Bancorp,BUY,166144.0,166144.0
2024-05-02,1045691,CVS Health Corp,SELL,60468.0,60468.0
2024-05-02,1048434,DXC Technology Co,SELL,1290738.0,1290738.0
2024-05-02,1045666,Intel Corp,SELL,89286.0,89286.0
2024-05-02,1046075,Iron Mountain Inc,SELL,1146500.0,0.0
2024-05-02,1046012,KeyCorp,SELL,262973.0,0.0
2024-05-02,1045714,Simon Property Group Inc,SELL,39940.0,0.0
2024-05-02,1009097,Wal-Mart Stores Inc,SELL,35368.0,0.0
2024-05-02,1048434,DXC Technology Co,SELL,1290738.0,0.0
2024-05-02,1045666,Intel Corp,SELL,89286.0,0.0
2024-05-02,1045951,Micron Technology Inc,BUY,24078.0,48156.0
2024-05-02,1050518,Chemed Corp,BUY,6088.0,12176.0
2024-05-02,1045691,CVS Health Corp,SELL,60468.0,0.0
2024-05-02,1050442,FireEye Inc,BUY,1483352.0,2966704.0
2024-05-02,1046409,HANWHA CORPORATION,SELL,3454.0,0.0
2024-06-03,1046269,UNITED MICROELECTRONICS CORP,BUY,49346283.0,49346283.0
2024-06-03,1046724,NOVATEK MICROELECTRONICS CORP.,SELL,325399.0,797721.0
2024-06-03,1046269,UNITED MICROELECTRONICS CORP,BUY,9680525.0,59026808.0
2024-06-03,1045664,Analog Devices Inc,BUY,126235.0,126235.0
2024-06-03,1045826,Archer-Daniels-Midland Co,BUY,133251.0,133251.0
2024-06-03,1050503,Alkermes PLC,BUY,33894.0,33894.0
2024-06-03,1050428,CDK Global Inc,BUY,49201.0,49201.0
2024-06-03,1045758,Cigna Corp,BUY,57558.0,57558.0
2024-06-03,1045981,CH Robinson Worldwide Inc,BUY,481017.0,481017.0
2024-06-03,1045713,Colgate-Palmolive Co,BUY,54533.0,54533.0
2024-06-03,1045850,Electronic Arts Inc,BUY,44624.0,44624.0
2024-06-03,1045726,Duke Energy Corp,BUY,54177.0,54177.0
2024-06-03,1050438,Entegris Inc,BUY,172642.0,172642.0
2024-06-03,1045994,EQT Corp,BUY,1616781.0,1616781.0
2024-06-03,1009083,International Business Machines Corp,BUY,27059.0,27059.0
2024-06-03,1045662,Accenture PLC,SELL,15899.0,15899.0
2024-06-03,1045861,Apache Corp,SELL,2262760.0,0.0
2024-06-03,1009085,AT&T Inc,BUY,440198.0,440198.0
2024-06-03,1045730,TJX Cos Inc/The,BUY,57009.0,57009.0
2024-06-03,1050478,Twitter Inc ,BUY,10560440.0,10560440.0
2024-06-03,1045664,Analog Devices Inc,BUY,126235.0,252470.0
2024-06-03,1050477,Teradyne Inc,SELL,208786.0,208786.0
2024-06-03,1062503,Everbridge Inc,SELL,35006.0,35006.0
2024-06-03,1045743,FedEx Corp,SELL,168446.0,0.0
2024-06-03,1045684,Home Depot Inc/The,SELL,15295.0,0.0
2024-06-03,1050446,IAC/InterActiveCorp,SELL,54486.0,54486.0
2024-06-03,1050513,MEDNAX Inc,SELL,2669572.0,2669572.0
2024-06-03,1012342,"Meta Platforms, Inc.",SELL,97197.0,97197.0
2024-06-03,1062065,MaxLinear Inc,SELL,1262756.0,1262756.0
2024-06-03,1045654,Netflix Inc,SELL,9396.0,9396.0
2024-06-03,1062469,OGE Energy Corp,SELL,150451.0,0.0
2024-06-03,1046054,PVH Corp,SELL,49294.0,0.0
2024-06-03,1062388,Pilgrims Pride Corp,SELL,237928.0,0.0
2024-06-03,1050509,Bio-Techne Corp,SELL,10649.0,10649.0
2024-06-03,1050477,Teradyne Inc,SELL,208786.0,0.0
2024-06-03,1062113,United States Cellular Corp,SELL,135700.0,135700.0
2024-06-03,1046724,NOVATEK MICROELECTRONICS CORP.,SELL,797721.0,0.0
2024-06-03,1046480,NH INVESTMENT & SECURITIES C,SELL,5801.0,0.0
2024-06-03,1061593,Meritz Securities Co Ltd,BUY,124957.0,124957.0
2024-06-03,1062535,Zendesk Inc,BUY,15508.0,15508.0
2024-06-03,1050478,Twitter Inc ,BUY,10560440.0,21120880.0
2024-06-03,1012342,"Meta Platforms, Inc.",SELL,97197.0,0.0
2024-06-03,1045850,Electronic Arts Inc,BUY,44624.0,89248.0
2024-06-03,1045654,Netflix Inc,SELL,9396.0,0.0
2024-06-03,1009085,AT&T Inc,BUY,440198.0,880396.0
2024-06-03,1062113,United States Cellular Corp,SELL,135700.0,0.0
2024-06-03,1062503,Everbridge Inc,SELL,35006.0,0.0
2024-06-03,1050438,Entegris Inc,BUY,172642.0,345284.0
2024-06-03,1062065,MaxLinear Inc,SELL,1262756.0,0.0
2024-06-03,1050503,Alkermes PLC,BUY,33894.0,67788.0
2024-06-03,1050509,Bio-Techne Corp,SELL,10649.0,0.0
2024-06-03,1050428,CDK Global Inc,BUY,49201.0,98402.0
2024-06-03,1050446,IAC/InterActiveCorp,SELL,54486.0,0.0
2024-06-03,1062024,Cigna Corporation,BUY,57558.0,57558.0
2024-06-03,1050513,MEDNAX Inc,SELL,2669572.0,0.0
2024-06-03,1009083,International Business Machines Corp,BUY,27059.0,54118.0
2024-06-03,1045662,Accenture PLC,SELL,15899.0,0.0
2024-06-03,1050478,Twitter Inc ,SELL,9698889.0,11421991.0
2024-06-30,1046128,TAIWAN SEMICONDUCTOR MANUFAC,BUY,300113.8081,300113.8081
2024-07-01,1046128,TAIWAN SEMICONDUCTOR MANUFAC,BUY,736471.0,1036584.8081
2024-07-01,1046503,VANGUARD INTERNATIONAL SEMI,SELL,3941123.0,1606018.0
2024-07-01,1046503,VANGUARD INTERNATIONAL SEMI,SELL,1606018.0,0.0
2024-07-15,1061582,BGF retail Co Ltd,BUY,20129.0,20129.0
2024-07-15,1046378,"BGF Co., Ltd.",SELL,13313.0,13846.0
2025-01-20,1101496,"NetEase, Inc.",BUY,132676.0,132676.0
2025-01-20,1101443,Alibaba Group Holding Limited,BUY,265352.0,265352.0
2025-01-20,1009161,PetroChina Co. Ltd.,SELL,5799816.0,25269626.0
2025-01-20,1101489,"JD.com, Inc.",BUY,132676.0,132676.0
2025-01-20,1046124,Tencent Holdings Ltd,BUY,66338.0,159113.0
2025-01-20,1009169,HSBC Holdings PLC,BUY,265352.0,265352.0
2025-01-20,1046481,KINGSOFT CORP LTD,BUY,398028.0,398028.0
2025-01-20,1046526,CHINA OILFIELD SERVICES-H,BUY,1326760.0,1326760.0
2025-01-20,1046519,SHANGHAI ELECTRIC GRP CO L-H,BUY,5307040.0,5307040.0
2025-01-20,1012339,Ping An Insurance (Grp) Co of China Ltd,BUY,331690.0,331690.0
2025-01-20,1046552,ZTE CORP-H,SELL,125152.0,2618357.0
2025-01-20,1012338,AIA Group Ltd,SELL,59569.0,807938.0
2025-01-20,1046853,BAIC MOTOR-H,BUY,663380.0,663380.0
2025-01-20,1046618,HUATAI SECURITIES LTD H,SELL,118271.0,5866758.0
2025-01-20,1009157,China Unicom (Hong Kong) Limited,SELL,1217448.0,4202041.0
2025-01-20,1046208,SWIRE PACIFIC LTD - CL A,BUY,331690.0,331690.0
2025-01-20,1101496,"NetEase, Inc.",BUY,320278.0,452954.0
2025-01-20,1046229,CHINA TELECOM CORP LTD-H,SELL,2502236.0,8636507.0
2025-01-20,1101443,Alibaba Group Holding Limited,BUY,640556.0,905908.0
2025-01-20,1046312,CRRC CORP LTD - H,BUY,1326760.0,1326760.0
2025-01-20,1101489,"JD.com, Inc.",BUY,320278.0,452954.0
2025-01-20,1046148,POWER ASSETS HOLDINGS LTD,SELL,326796.0,1127941.0
2025-01-20,1009162,Industrial and Commercial Bank of China Limited,BUY,2653520.0,2653520.0
2025-01-20,1046552,ZTE CORP-H,SELL,316770.0,2301587.0
2025-01-20,1046709,SEMICONDUCTOR MANUFACTURING INTERNATIONAL Corp,SELL,1163956.0,4017412.0
2025-01-20,1046204,CHINA RESOURCES LAND LTD,BUY,663380.0,663380.0
2025-01-20,1046460,CHINA SOUTHERN AIRLINES CO-H,BUY,2653520.0,2653520.0
2025-01-20,1009161,PetroChina Co. Ltd.,BUY,3202782.0,28472408.0
2025-01-20,1046548,CHINA COSCO HOLDINGS-H,SELL,1836868.0,6443991.0
2025-01-20,1046638,Guangzhou Automobile Group Co Ltd,SELL,3223338.0,11125401.0
2025-01-20,1100184,Wharf Real Estate Investment Company Limited ,SELL,405958.0,1401170.0
2025-01-20,1046124,Tencent Holdings Ltd,BUY,160139.0,319252.0
2025-01-20,1046525,CHINA JINMAO HOLDINGS GROUP,SELL,11339092.0,39137053.0
2025-01-20,1046239,CITIC LTD,SELL,102613.0,354422.0
2025-01-20,1046398,FIRST PACIFIC CO,SELL,4823796.0,68379382.482
2025-01-20,1009169,HSBC Holdings PLC,BUY,640556.0,905908.0
2025-01-20,1046481,KINGSOFT CORP LTD,BUY,960835.0,1358863.0
2025-01-20,1046201,MTR CORP,BUY,101528.0,1137151.0
2025-01-20,1046526,CHINA OILFIELD SERVICES-H,BUY,3202782.0,4529542.0
2025-01-20,1046519,SHANGHAI ELECTRIC GRP CO L-H,BUY,12811127.0,18118167.0
2025-01-20,1012339,Ping An Insurance (Grp) Co of China Ltd,BUY,800695.0,1132385.0
2025-01-20,1046853,BAIC MOTOR-H,BUY,1601391.0,2264771.0
2025-01-20,1046312,CRRC CORP LTD - H,BUY,3202782.0,4529542.0
2025-01-20,1046208,SWIRE PACIFIC LTD - CL A,BUY,800695.0,1132385.0
2025-01-20,1012338,AIA Group Ltd,BUY,320278.0,1128216.0
2025-01-20,1009162,Industrial and Commercial Bank of China Limited,BUY,6405564.0,9059084.0
2025-01-20,1046460,CHINA SOUTHERN AIRLINES CO-H,BUY,6405564.0,9059084.0
2025-01-20,1046204,CHINA RESOURCES LAND LTD,BUY,1601391.0,2264771.0
2025-01-20,1046439,POWERTECH TECHNOLOGY INC,BUY,1601391.0,1601391.0
2025-01-20,1046381,SHIN KONG FINANCIAL HOLDING,BUY,8006954.0,8006954.0
2025-01-20,1046572,NANYA TECHNOLOGY CORP,BUY,3202782.0,3202782.0
2025-01-20,1046182,NAN YA PLASTICS CORP.,BUY,3202782.0,3202782.0
2025-01-20,1101496,"NetEase, Inc.",BUY,132676.0,585630.0
2025-01-20,1101443,Alibaba Group Holding Limited,BUY,265352.0,1171260.0
2025-01-20,1046174,FORMOSA PLASTICS CORP,BUY,3202782.0,3202782.0
2025-01-20,1101489,"JD.com, Inc.",BUY,132676.0,585630.0
2025-01-20,1009161,PetroChina Co. Ltd.,SELL,5799816.0,22672592.0
2025-01-20,1046128,TAIWAN SEMICONDUCTOR MANUFAC,BUY,304971.0,1341555.8081
2025-01-20,1046124,Tencent Holdings Ltd,BUY,66338.0,385590.0
2025-01-20,1046201,MTR CORP,BUY,236450.0,1373601.0
2025-01-20,1046269,UNITED MICROELECTRONICS CORP,SELL,3105137.0,55921671.0
2025-01-20,1009169,HSBC Holdings PLC,BUY,265352.0,1171260.0
2025-01-20,1046481,KINGSOFT CORP LTD,BUY,398028.0,1756891.0
2025-01-20,1046526,CHINA OILFIELD SERVICES-H,BUY,1326760.0,5856302.0
2025-01-20,1046618,HUATAI SECURITIES LTD H,SELL,337978.0,5528780.0
2025-01-20,1046552,ZTE CORP-H,SELL,125152.0,2176435.0
2025-01-20,1012339,Ping An Insurance (Grp) Co of China Ltd,BUY,331690.0,1464075.0
2025-01-20,1046519,SHANGHAI ELECTRIC GRP CO L-H,BUY,5307040.0,23425207.0
2025-01-20,1046853,BAIC MOTOR-H,BUY,663380.0,2928151.0
2025-01-20,1012338,AIA Group Ltd,SELL,59569.0,1068647.0
2025-01-20,1046618,HUATAI SECURITIES LTD H,SELL,118271.0,5410509.0
2025-01-20,1046269,UNITED MICROELECTRONICS CORP,SELL,7194416.0,48727255.0
2025-01-20,1046208,SWIRE PACIFIC LTD - CL A,BUY,331690.0,1464075.0
2025-01-20,1009157,China Unicom (Hong Kong) Limited,SELL,1217448.0,2984593.0
2025-01-20,1046312,CRRC CORP LTD - H,BUY,1326760.0,5856302.0
2025-01-20,1046148,POWER ASSETS HOLDINGS LTD,SELL,326796.0,801145.0
2025-01-20,1046229,CHINA TELECOM CORP LTD-H,SELL,2502236.0,6134271.0
2025-01-20,1046548,CHINA COSCO HOLDINGS-H,SELL,4607123.0,1836868.0
2025-01-20,1009162,Industrial and Commercial Bank of China Limited,BUY,2653520.0,11712604.0
2025-01-20,1046704,TAL EDUCATION GROUP ADR REPTG,SELL,140473.0,344372.0
2025-01-20,1046709,SEMICONDUCTOR MANUFACTURING INTERNATIONAL Corp,SELL,1163956.0,2853456.0
2025-01-20,1046204,CHINA RESOURCES LAND LTD,BUY,663380.0,2928151.0
2025-01-20,1046229,CHINA TELECOM CORP LTD-H,SELL,6134271.0,0.0
2025-01-20,1046460,CHINA SOUTHERN AIRLINES CO-H,BUY,2653520.0,11712604.0
2025-01-20,1046180,FORMOSA CHEMICALS & FIBRE,SELL,860567.0,2109693.0
2025-01-20,1046548,CHINA COSCO HOLDINGS-H,SELL,1836868.0,0.0
2025-01-20,1046525,CHINA JINMAO HOLDINGS GROUP,SELL,27797961.0,11339092.0
2025-01-20,1046180,FORMOSA CHEMICALS & FIBRE,SELL,2109693.0,0.0
2025-01-20,1009157,China Unicom (Hong Kong) Limited,SELL,2984593.0,0.0
2025-01-20,1046500,TAIWAN BUSINESS BANK,SELL,10680837.0,26184238.0
2025-01-20,1046638,Guangzhou Automobile Group Co Ltd,SELL,3223338.0,7902063.0
2025-01-20,1046439,POWERTECH TECHNOLOGY INC,BUY,663380.0,2264771.0
2025-01-20,1046381,SHIN KONG FINANCIAL HOLDING,BUY,3316900.0,11323854.0
2025-01-20,1009161,PetroChina Co. Ltd.,SELL,17110402.0,5562190.0
2025-01-20,1046638,Guangzhou Automobile Group Co Ltd,SELL,7902063.0,0.0
2025-01-20,1100184,Wharf Real Estate Investment Company Limited ,SELL,405958.0,995212.0
2025-01-20,1046525,CHINA JINMAO HOLDINGS GROUP,SELL,11339092.0,0.0
2025-01-20,1046679,INNOLUX CORP,SELL,23319387.0,215455719.47
2025-01-20,1046239,CITIC LTD,SELL,102613.0,251809.0
2025-01-20,1046633,YUANTA FINANCIAL HOLDING CO. LTD.,BUY,464366.0,464366.0
2025-01-20,1046148,POWER ASSETS HOLDINGS LTD,SELL,801145.0,0.0
2025-01-20,1046709,SEMICONDUCTOR MANUFACTURING INTERNATIONAL Corp,SELL,2853456.0,0.0
2025-01-20,1046398,FIRST PACIFIC CO,SELL,4823796.0,63555586.48199999
2025-01-20,1046572,NANYA TECHNOLOGY CORP,BUY,1326760.0,4529542.0
2025-01-20,1046500,TAIWAN BUSINESS BANK,SELL,26184238.0,0.0
2025-01-20,1046182,NAN YA PLASTICS CORP.,BUY,1326760.0,4529542.0
2025-01-20,1046201,MTR CORP,BUY,101528.0,1475129.0
2025-01-20,1046174,FORMOSA PLASTICS CORP,BUY,1326760.0,4529542.0
2025-01-20,1100184,Wharf Real Estate Investment Company Limited ,SELL,995212.0,0.0
2025-01-20,1046704,TAL EDUCATION GROUP ADR REPTG,SELL,344372.0,0.0
2025-01-20,1046398,FIRST PACIFIC CO,SELL,11837460.0,51718126.48199999
2025-01-20,1046239,CITIC LTD,SELL,251809.0,0.0
2025-01-20,1046128,TAIWAN SEMICONDUCTOR MANUFAC,BUY,121178.0,1462733.8081
2025-01-20,1046679,INNOLUX CORP,SELL,57225119.0,158230600.47
2025-01-20,1012338,AIA Group Ltd,SELL,477749.0,590898.0
2025-01-20,1046633,YUANTA FINANCIAL HOLDING CO. LTD.,BUY,1120974.0,1585340.0
2025-01-20,1101443,Alibaba Group Holding Limited,BUY,400.0,1171660.0
2025-01-20,1101489,"JD.com, Inc.",BUY,200.0,585830.0
2025-01-20,1046552,ZTE CORP-H,BUY,400.0,2176835.0
2025-01-20,1009161,PetroChina Co. Ltd.,BUY,2000.0,5564190.0
2025-01-20,1046618,HUATAI SECURITIES LTD H,BUY,18000.0,5428509.0
2025-01-20,1046124,Tencent Holdings Ltd,BUY,100.0,385690.0
2025-01-20,1046201,MTR CORP,BUY,500.0,1475629.0
2025-01-20,1046439,POWERTECH TECHNOLOGY INC,BUY,1000.0,2265771.0
2025-01-20,1046481,KINGSOFT CORP LTD,BUY,600.0,1757491.0
2025-01-20,1009169,HSBC Holdings PLC,BUY,400.0,1171660.0
2025-01-20,1046633,YUANTA FINANCIAL HOLDING CO. LTD.,BUY,700.0,1586040.0
2025-01-20,1046381,SHIN KONG FINANCIAL HOLDING,BUY,5000.0,11328854.0
2025-01-20,1046526,CHINA OILFIELD SERVICES-H,BUY,2000.0,5858302.0
2025-01-20,1046519,SHANGHAI ELECTRIC GRP CO L-H,BUY,8000.0,23433207.0
2025-01-20,1012339,Ping An Insurance (Grp) Co of China Ltd,BUY,500.0,1464575.0
2025-01-20,1046128,TAIWAN SEMICONDUCTOR MANUFAC,BUY,500.0,1463233.8081
2025-01-20,1046208,SWIRE PACIFIC LTD - CL A,BUY,500.0,1464575.0
2025-01-20,1046853,BAIC MOTOR-H,BUY,1000.0,2929151.0
2025-01-20,1046182,NAN YA PLASTICS CORP.,BUY,2000.0,4531542.0
2025-01-20,1046312,CRRC CORP LTD - H,BUY,2000.0,5858302.0
2025-01-20,1009162,Industrial and Commercial Bank of China Limited,BUY,4000.0,11716604.0
2025-01-20,1046174,FORMOSA PLASTICS CORP,BUY,2000.0,4531542.0
2025-01-20,1046204,CHINA RESOURCES LAND LTD,BUY,1000.0,2929151.0
2025-01-20,1046460,CHINA SOUTHERN AIRLINES CO-H,BUY,4000.0,11716604.0
2025-01-20,1012338,AIA Group Ltd,BUY,200.0,591098.0
2025-01-20,1045824,Illumina Inc,BUY,71512.0,71512.0
2025-01-20,1045701,Honeywell International Inc,BUY,107268.0,128736.0
2025-01-20,1045836,Intuitive Surgical Inc,BUY,28605.0,28605.0
2025-01-20,1045717,Lockheed Martin Corp,BUY,50058.0,50058.0
2025-01-20,1050525,Ligand Pharmaceuticals Inc,BUY,28605.0,28605.0
2025-01-20,1050502,Neurocrine Biosciences Inc,BUY,57210.0,57210.0
2025-01-20,1045663,"Motorola Solutions, Inc.",BUY,21454.0,21454.0
2025-01-20,1050550,Owens & Minor Inc,BUY,2181114.0,2181114.0
2025-01-20,1050470,ServiceNow Inc ,BUY,35756.0,35756.0
2025-01-20,1045669,Oracle Corp,BUY,78663.0,78663.0
2025-01-20,1050464,Paycom Software Inc,BUY,171629.0,171629.0
2025-01-20,1045855,Perrigo Co PLC,BUY,143024.0,143024.0
2025-01-20,1045670,QUALCOMM Inc,BUY,78663.0,78663.0
2025-01-20,1050531,Ultragenyx Pharmaceutical Inc,BUY,85814.0,85814.0
2025-01-20,1050468,Science Applications International Corp ,BUY,114419.0,114419.0
2025-01-20,1045766,Stryker Corp,BUY,7151.0,7151.0
2025-01-20,1045984,Universal Health Services Inc,BUY,71512.0,71512.0
2025-01-20,1050482,Verint Systems Inc,BUY,536340.0,536340.0
2025-01-20,1045856,Zoetis Inc,BUY,21454.0,21454.0
2025-01-20,1009085,AT&T Inc,SELL,440198.0,440198.0
2025-01-21,1045717,Lockheed Martin Corp,BUY,7.0,50065.0
2025-01-21,1050464,Paycom Software Inc,BUY,24.0,171653.0
2025-01-21,1009093,Alphabet Inc,BUY,25.0,689931.0
2025-01-21,1050470,ServiceNow Inc ,BUY,5.0,35761.0
2025-01-21,1050502,Neurocrine Biosciences Inc,BUY,8.0,57218.0
2025-01-21,1012343,Air Products & Chemicals Inc,BUY,14.0,14.0
2025-01-21,1050506,Exelixis Inc,BUY,33.0,33.0
2025-01-21,1009079,Apple Inc,BUY,64.0,680778.0
2025-01-21,1045663,"Motorola Solutions, Inc.",BUY,3.0,21457.0
2025-01-21,1045984,Universal Health Services Inc,BUY,10.0,71522.0
2025-01-21,1045686,Comcast Corp,BUY,86.0,86.0
2025-01-21,1009103,Walt Disney Co/The,BUY,22.0,22.0
2025-01-21,1050550,Owens & Minor Inc,BUY,305.0,2181419.0
2025-01-21,1050518,Chemed Corp,BUY,3.0,12179.0
2025-01-21,1045836,Intuitive Surgical Inc,BUY,4.0,28609.0
2025-01-21,1045716,Abbott Laboratories,BUY,23.0,84529.0
2025-01-21,1050443,Fortinet Inc,BUY,19.0,1004269.0
2025-01-21,1045669,Oracle Corp,BUY,11.0,78674.0
2025-01-21,1009082,Microsoft Corp,BUY,4.0,34926.0
2025-01-21,1045719,Dow Chemical Co/The,BUY,72.0,82686.0
2025-01-21,1045701,Honeywell International Inc,BUY,15.0,128751.0
2025-01-21,1045759,Emerson Electric Co,BUY,26.0,26.0
2025-01-21,1045824,Illumina Inc,BUY,10.0,71522.0
2025-01-21,1045692,Amgen Inc,BUY,2.0,2.0
2025-01-21,1045856,Zoetis Inc,BUY,3.0,21457.0
2025-01-21,1045664,Analog Devices Inc,BUY,8.0,252478.0
2025-01-21,1045951,Micron Technology Inc,BUY,17.0,48173.0
2025-01-21,1045670,QUALCOMM Inc,BUY,11.0,78674.0
2025-01-21,1045722,Broadcom Ltd,BUY,8.0,8.0
2025-01-21,1050432,CommVault Systems Inc ,BUY,11.0,11.0
2025-01-21,1050482,Verint Systems Inc,BUY,75.0,536415.0
2025-01-21,1050416,ACI Worldwide Inc,BUY,34.0,34.0
2025-01-21,1050468,Science Applications International Corp ,BUY,16.0,114435.0
2025-01-21,1050422,Blackbaud Inc,BUY,64.0,64.0
2025-01-21,1009079,Apple Inc,BUY,118986.0,799764.0
2025-01-21,1009082,Microsoft Corp,BUY,11224.0,46150.0
2025-01-21,1050443,Fortinet Inc,SELL,374535.0,629734.0
2025-01-21,1009090,Pfizer Inc,BUY,16023.0,240367.0
2025-01-21,1045951,Micron Technology Inc,BUY,96673.0,144846.0
2025-01-21,1045664,Analog Devices Inc,SELL,69745.0,182733.0
2025-01-21,1050518,Chemed Corp,BUY,15334.0,27513.0
2025-01-21,1045716,Abbott Laboratories,BUY,121362.0,205891.0
2025-01-21,1045766,Stryker Corp,BUY,1.0,7152.0
2025-01-21,1009090,Pfizer Inc,BUY,18.0,240385.0
2025-01-21,1045855,Perrigo Co PLC,BUY,20.0,143044.0
2025-01-21,1050525,Ligand Pharmaceuticals Inc,BUY,4.0,28609.0
2025-01-21,1050531,Ultragenyx Pharmaceutical Inc,BUY,12.0,85826.0
2025-01-21,1050536,ACADIA Pharmaceuticals Inc ,BUY,27.0,27.0
2025-01-21,1009083,International Business Machines Corp,SELL,27059.0,27059.0
2025-01-21,1045647,Corning Inc,SELL,4005419.0,8123423.0
2025-01-21,1045682,Verizon Communications Inc,SELL,89302.0,89302.0
2025-01-21,1045694,Medtronic PLC,SELL,39308.0,39308.0
2025-01-21,1045709,Eli Lilly & Co,SELL,20950.0,20950.0
2025-01-21,1045725,Thermo Fisher Scientific Inc,SELL,95261.0,95261.0
2025-01-21,1046238,Hewlett Packard Enterprise Co,SELL,356383.0,356383.0
2025-01-21,1046030,Interpublic Group of Cos Inc/The,SELL,146481.0,146481.0
2025-01-21,1050452,Manhattan Associates Inc,SELL,34136.0,34136.0
2025-01-21,1050511,Catalent Inc,SELL,43376.0,43376.0
2025-01-21,1062464,Sabre Corp,SELL,871778.0,871778.0
2025-01-21,1062537,Zynga Inc,SELL,483220.0,483220.0
2025-01-21,1009093,Alphabet Inc,SELL,344953.0,344978.0
2025-01-21,1045672,HP Inc,SELL,117927.0,117927.0
2025-01-21,1048725,Nice Ltd,SELL,26091.0,26091.0
2025-01-21,1045698,AbbVie Inc,SELL,21485.0,21485.0
2025-01-21,1062506,Lyft Inc,SELL,290604.0,290604.0
2025-01-21,1050442,FireEye Inc,SELL,1483352.0,1483352.0
2025-01-21,1050467,PTC Inc ,SELL,51778.0,51778.0
2025-01-21,1050478,Twitter Inc ,SELL,861551.0,10560440.0
2025-01-21,1045850,Electronic Arts Inc,SELL,44624.0,44624.0
2025-01-21,1050438,Entegris Inc,SELL,172642.0,172642.0
2025-01-21,1050503,Alkermes PLC,SELL,33894.0,33894.0
2025-01-21,1050428,CDK Global Inc,SELL,49201.0,49201.0
2025-01-21,1062024,Cigna Corporation,SELL,57558.0,0.0
2025-01-21,1050536,ACADIA Pharmaceuticals Inc ,BUY,193082.0,193109.0
2025-01-21,1050416,ACI Worldwide Inc,BUY,243141.0,243175.0
2025-01-21,1012343,Air Products & Chemicals Inc,BUY,100117.0,100131.0
2025-01-21,1045692,Amgen Inc,BUY,14302.0,14304.0
2025-01-21,1045722,Broadcom Ltd,BUY,57210.0,57218.0
2025-01-21,1045686,Comcast Corp,BUY,615003.0,615089.0
2025-01-21,1050422,Blackbaud Inc,BUY,457676.0,457740.0
2025-01-21,1050432,CommVault Systems Inc ,BUY,78663.0,78674.0
2025-01-21,1009103,Walt Disney Co/The,BUY,157326.0,157348.0
2025-01-21,1045759,Emerson Electric Co,BUY,185931.0,185957.0
2025-01-21,1045719,Dow Chemical Co/The,BUY,514886.0,597572.0
2025-01-21,1050506,Exelixis Inc,BUY,235989.0,236022.0
2025-01-21,1045652,Alphabet Inc. Class C,BUY,178780.0,178780.0
2025-01-22,1046572,NANYA TECHNOLOGY CORP,BUY,2000.0,4531542.0
2025-01-22,1046269,UNITED MICROELECTRONICS CORP,BUY,3000.0,48730255.0
2025-02-20,1101496,"NetEase, Inc.",BUY,200.0,585830.0
2025-02-20,1046419,Fang Holdings Ltd,BUY,342282.0,342282.0
2025-03-12,1046124,Tencent Holdings Ltd,SELL,92775.0,292915.0
2025-03-21,1061993,Alteogen Inc.,SELL,7509.0,0.0
2025-03-21,1061582,BGF retail Co Ltd,SELL,20129.0,0.0
2025-03-21,1046735,BNK FINANCIAL GROUP INC,SELL,7493.0,0.0
2025-03-21,1061604,Cosmax Inc,SELL,3764.0,0.0
2025-03-21,1061631,Grand Korea Leisure Co Ltd,SELL,20900.0,0.0
2025-03-21,1061629,Green Cross Holdings Corp,SELL,37410.0,0.0
2025-03-21,1046632,HYUNDAI GLOVIS LTD,SELL,909.0,0.0
2025-03-21,1061574,Hyundai Heavy Industries Holdings Co Ltd,SELL,1325.0,0.0
2025-03-21,1046214,KOREA AEROSPACE INDUSTRIES,SELL,1319.0,0.0
2025-03-21,1061975,Korea Electric Terminal Co. Ltd.,SELL,6407.0,0.0
2025-03-21,1061684,Kumho Tire Co Inc,SELL,15947.0,0.0
2025-03-21,1046520,KT CORP,SELL,2820.0,0.0
2025-03-21,1061740,LIG Nex1 Co Ltd,SELL,1092.0,0.0
2025-03-21,1046538,LOTTE CONFECTIONERY CO LTD,SELL,3659.0,0.0
2025-03-21,1046515,POSCO DAEWOO CORP,SELL,21703.0,0.0
2025-03-21,1061593,Meritz Securities Co Ltd,SELL,124957.0,0.0
2025-03-21,1046614,S-OIL CORP,SELL,598.0,0.0
2025-03-21,1046125,Samsung Electronics Ltd,SELL,71197.0,0.0
2025-03-21,1061577,Samsung Engineering Co Ltd,SELL,2868.0,0.0
2025-03-21,1046234,SAMSUNG LIFE INSURANCE CO LT,SELL,2887.0,0.0
2025-03-21,1046250,SAMSUNG SDI CO LTD,SELL,2063.0,0.0
2025-03-21,1046370,SAMSUNG SECURITIES CO LTD,SELL,2325.0,0.0
2025-03-21,1061717,Tongyang Inc,SELL,40960.0,0.0
2025-03-21,1061973,Unid Co. Ltd.,SELL,4435.0,0.0
2025-03-21,1061570,Woori Financial Group Inc,SELL,6505.0,0.0
2025-03-21,1061638,Yungjin Pharmaceutical Co Ltd,SELL,91481.0,0.0
2025-03-21,1046717,YUHAN CORP,SELL,9960.0,0.0
2025-03-21,1046188,SK INNOVATION CO LTD,BUY,4.0,4.0
2025-03-21,1046159,POSCO,BUY,5.0,311.0
2025-03-21,1046143,NAVER CORP,BUY,7.0,1892.0
2025-03-21,1046216,NCSOFT CORP,BUY,9.0,9.0
2025-03-21,1046186,SK HOLDINGS LTD,BUY,10.0,10.0
2025-03-21,1046676,SAMSUNG ELECTRO MECHANICS LTD,BUY,11.0,11.0
2025-03-21,1046275,SAMSUNG SDS CO LTD,BUY,12.0,12.0
2025-03-21,1061608,Daewoong Pharmaceutical Co Ltd,BUY,12.0,2174.0
2025-03-21,1046195,SAMSUNG C&T CORP,BUY,14.0,14.0
2025-03-21,1046153,KOREA ELECTRIC POWER CORP,BUY,12.0,12.0
2025-03-21,1046173,KIA MOTORS CORP,BUY,16.0,1748.0
2025-03-21,1046257,LG ELECTRONICS INC,BUY,19.0,674.0
2025-03-21,1046166,KB FINANCIAL GROUP INC,BUY,17.0,17.0
2025-03-21,1046310,SK TELECOM,BUY,26.0,26.0
2025-03-21,1046231,HANA FINANCIAL GROUP,BUY,23.0,23.0
2025-03-21,1046695,LOTTE SHOPPING LTD,BUY,25.0,516.0
2025-03-21,1046388,S-1 CORPORATION,BUY,28.0,28.0
2025-03-21,1046644,HANSSEM CO LTD,BUY,33.0,33.0
2025-03-21,1061699,DB HiTek Co Ltd,BUY,35.0,35.0
2025-03-21,1046749,HOTEL SHILLA CO LTDINARY SHARES KO,BUY,38.0,38.0
2025-03-21,1046319,KAKAO CORP,BUY,42.0,2228.0
2025-03-21,1046378,"BGF Co., Ltd.",BUY,50.0,13896.0
2025-03-21,1046602,HYUNDAI STEEL,BUY,57.0,1471.0
2025-03-21,1046736,DAELIM INDUSTRIAL LTD,BUY,45.0,45.0
2025-03-21,1046737,LG UPLUS CORP,BUY,128.0,128.0
2025-03-21,1046267,LG DISPLAY CO LTD,BUY,174.0,61951.0
2025-03-21,1046583,DAEWOO ENGINEERING & CONSTR,BUY,416.0,416.0
2025-03-21,1046378,"BGF Co., Ltd.",BUY,165869.0,179765.0
2025-03-21,1061608,Daewoong Pharmaceutical Co Ltd,BUY,2685.0,4859.0
2025-03-21,1046141,HYUNDAI MOTOR,BUY,2559.0,2838.0
2025-03-21,1046602,HYUNDAI STEEL,BUY,21613.0,23084.0
2025-03-21,1046319,KAKAO CORP,BUY,5844.0,8072.0
2025-03-21,1046173,KIA MOTORS CORP,BUY,4744.0,6492.0
2025-03-21,1046267,LG DISPLAY CO LTD,BUY,8508.0,70459.0
2025-03-21,1046257,LG ELECTRONICS INC,BUY,7420.0,8094.0
2025-03-21,1046695,LOTTE SHOPPING LTD,BUY,9609.0,10125.0
2025-03-21,1046143,NAVER CORP,BUY,943.0,2835.0
2025-03-21,1046159,POSCO,BUY,1710.0,2021.0
2025-03-21,1046145,SK HYNIX INC,BUY,1980.0,2816.0
2025-03-21,1012332,"Celltrion, Inc.",BUY,3635.0,3635.0
2025-03-21,1046736,DAELIM INDUSTRIAL LTD,BUY,18177.0,18222.0
2025-03-21,1046583,DAEWOO ENGINEERING & CONSTR,BUY,168037.0,168453.0
2025-03-21,1061699,DB HiTek Co Ltd,BUY,14138.0,14173.0
2025-03-21,1046467,GS ENGINEERING & CONSTRUCT,BUY,31911.0,31911.0
2025-03-21,1046231,HANA FINANCIAL GROUP,BUY,9291.0,9314.0
2025-03-21,1046749,HOTEL SHILLA CO LTDINARY SHARES KO,BUY,15350.0,15388.0
2025-03-21,1046644,HANSSEM CO LTD,BUY,13330.0,13363.0
2025-03-21,1061663,JW Pharmaceutical Corp,BUY,27872.0,27872.0
2025-03-21,1046166,KB FINANCIAL GROUP INC,BUY,6867.0,6884.0
2025-03-21,1046318,INDUSTRIAL BANK OF KOREA,BUY,37566.0,37566.0
2025-03-21,1046737,LG UPLUS CORP,BUY,51704.0,51832.0
2025-03-21,1046216,NCSOFT CORP,BUY,3635.0,3644.0
2025-03-21,1046195,SAMSUNG C&T CORP,BUY,5655.0,5669.0
2025-03-21,1046388,S-1 CORPORATION,BUY,11310.0,11338.0
2025-03-21,1046676,SAMSUNG ELECTRO MECHANICS LTD,BUY,4443.0,4454.0
2025-03-21,1046275,SAMSUNG SDS CO LTD,BUY,4847.0,4859.0
2025-03-21,1046310,SK TELECOM,BUY,10502.0,10528.0
2025-03-21,1046186,SK HOLDINGS LTD,BUY,4039.0,4049.0
2025-03-21,1046149,SHINHAN FINANCIAL GROUP LTD,BUY,11310.0,11310.0
2025-03-21,1046188,SK INNOVATION CO LTD,BUY,2020.0,2024.0
2025-03-21,1046153,KOREA ELECTRIC POWER CORP,BUY,6059.0,6071.0
2025-03-24,1046188,SK INNOVATION CO LTD,BUY,1.0,2025.0
2025-03-24,1046153,KOREA ELECTRIC POWER CORP,BUY,3.0,6074.0
2025-03-24,1046145,SK HYNIX INC,BUY,7.0,2823.0
2025-03-24,1046257,LG ELECTRONICS INC,BUY,1.0,8095.0
2025-03-24,1046149,SHINHAN FINANCIAL GROUP LTD,BUY,28.0,11338.0
2025-03-24,1046318,INDUSTRIAL BANK OF KOREA,BUY,93.0,37659.0
2025-03-24,1061663,JW Pharmaceutical Corp,BUY,69.0,27941.0
2025-03-24,1046141,HYUNDAI MOTOR,BUY,7.0,2845.0
2025-03-24,1046467,GS ENGINEERING & CONSTRUCT,BUY,79.0,31990.0
2025-03-24,1012332,"Celltrion, Inc.",BUY,9.0,3644.0
2025-03-24,1046378,"BGF Co., Ltd.",BUY,395.0,180160.0
2025-03-26,1045692,Amgen Inc,BUY,2.0,14306.0
2025-03-26,1045873,Amphenol Corp,BUY,12.0,12.0
2025-03-26,1045722,Broadcom Ltd,BUY,3.0,57221.0
2025-03-26,1045687,Bank of America Corp,BUY,17.0,17.0
2025-03-26,1045828,Carnival Corp,BUY,31.0,31.0
2025-03-26,1045981,CH Robinson Worldwide Inc,BUY,10.0,481027.0
2025-03-26,1046776,Charter Communications Inc,BUY,2.0,2.0
2025-03-26,1045655,salesforce.com Inc,BUY,2.0,2.0
2025-03-26,1009101,Cisco Systems Inc,BUY,13.0,13.0
2025-03-26,1045683,Chevron Corp,BUY,4.0,4.0
2025-03-26,1045839,Discover Financial Services,BUY,4.0,4.0
2025-03-26,1045807,Dollar General Corp,BUY,8.0,8.0
2025-03-26,1045858,Dollar Tree Inc,BUY,10.0,17602.0
2025-03-26,1045726,Duke Energy Corp,BUY,8.0,54185.0
2025-03-26,1045866,Edwards Lifesciences Corp,BUY,9.0,9.0
2025-03-26,1045931,Expedia Inc,BUY,4.0,4.0
2025-03-26,1045667,F5 Networks Inc,BUY,2.0,2.0
2025-03-26,1046045,Fluor Corp,BUY,17.0,17.0
2025-03-26,1046080,Frontier Communications Corporation,BUY,20.0,20.0
2025-03-26,1045647,Corning Inc,BUY,15.0,8123438.0
2025-03-26,1009093,Alphabet Inc,BUY,4.0,344982.0
2025-03-26,1046097,Garmin Ltd,BUY,3.0,3.0
2025-03-26,1045715,Goldman Sachs Group Inc/The,BUY,1.0,1.0
2025-03-26,1045821,HCA Healthcare Inc,BUY,2.0,2.0
2025-03-26,1046238,Hewlett Packard Enterprise Co,BUY,38.0,356421.0
2025-03-26,1045796,Intuit Inc,BUY,1.0,1.0
2025-03-26,1045666,Intel Corp,BUY,33.0,33.0
2025-03-26,1009096,JPMorgan Chase & Co,BUY,2.0,2.0
2025-03-26,1045836,Intuitive Surgical Inc,BUY,1.0,28610.0
2025-03-26,1012342,"Meta Platforms, Inc.",BUY,1.0,1.0
2025-03-26,1045747,Morgan Stanley,BUY,5.0,5.0
2025-03-26,1009082,Microsoft Corp,BUY,2.0,46152.0
2025-03-26,1045966,Newell Brands Inc,BUY,96.0,96.0
2025-03-26,1046099,News Corp,BUY,23.0,23.0
2025-03-26,1046104,Pitney Bowes Inc.,BUY,72.0,72.0
2025-03-26,1045929,Royal Caribbean Cruises Ltd,BUY,3.0,3.0
2025-03-26,1045813,Synchrony Financial,BUY,12.0,12.0
2025-03-26,1045766,Stryker Corp,BUY,2.0,7154.0
2025-03-26,1009085,AT&T Inc,BUY,27.0,440225.0
2025-03-26,1046110,Teradata Corp,BUY,32.0,32.0
2025-03-26,1045732,Target Corp,BUY,6.0,6.0
2025-03-26,1048389,Tesla Inc,BUY,2.0,2.0
2025-03-26,1045949,Verisk Analytics Inc,BUY,3.0,3.0
2025-03-26,1046032,VeriSign Inc,BUY,3.0,3.0
2025-03-26,1046116,Urban Outfitters Inc.,BUY,13.0,13.0
2025-03-26,1045682,Verizon Communications Inc,BUY,18.0,89320.0
2025-03-26,1009238,Wells Fargo & Co,BUY,9.0,9.0
2025-03-26,1009080,Exxon Mobil Corp,BUY,6.0,87495.0
2025-03-26,1009100,3M Co,SELL,25099.0,0.0
2025-03-26,1045716,Abbott Laboratories,SELL,42253.0,163638.0
2025-03-26,1045698,AbbVie Inc,SELL,21485.0,0.0
2025-03-26,1050503,Alkermes PLC,SELL,33894.0,0.0
2025-03-26,1009093,Alphabet Inc,SELL,66616.0,278366.0
2025-03-26,1009085,AT&T Inc,BUY,1501413.0,1941638.0
2025-03-26,1045689,Altria Group Inc,SELL,106331.0,0.0
2025-03-26,1045649,Amazon.com Inc,SELL,1373.0,0.0
2025-03-26,1045664,Analog Devices Inc,SELL,126235.0,56498.0
2025-03-26,1045981,CH Robinson Worldwide Inc,BUY,243003.0,724030.0
2025-03-26,1009490,American International Group Inc,SELL,103843.0,0.0
2025-03-26,1045726,Duke Energy Corp,BUY,519976.0,574161.0
2025-03-26,1009079,Apple Inc,SELL,340357.0,459407.0
2025-03-26,1045858,Dollar Tree Inc,BUY,699386.0,716988.0
2025-03-26,1045826,Archer-Daniels-Midland Co,SELL,133251.0,0.0
2025-03-26,1045746,Bank of New York Mellon Corp/The,SELL,100270.0,0.0
2025-03-26,1048427,Berkshire Hathaway Inc,SELL,11.0,0.0
2025-03-26,1009080,Exxon Mobil Corp,BUY,344295.0,431790.0
2025-03-26,1062383,Bunge Ltd,SELL,81026.0,0.0
2025-03-26,1050428,CDK Global Inc,SELL,49201.0,0.0
2025-03-26,1046238,Hewlett Packard Enterprise Co,BUY,2368210.0,2724631.0
2025-03-26,1045682,Verizon Communications Inc,BUY,1203016.0,1292336.0
2025-03-26,1048430,CF Industries Holdings Inc,SELL,105813.0,0.0
2025-03-26,1009082,Microsoft Corp,BUY,125932.0,172084.0
2025-03-26,1050511,Catalent Inc,SELL,43376.0,0.0
2025-03-26,1045873,Amphenol Corp,BUY,860602.0,860614.0
2025-03-26,1045692,Amgen Inc,BUY,143434.0,157740.0
2025-03-26,1050518,Chemed Corp,SELL,6088.0,21425.0
2025-03-26,1045722,Broadcom Ltd,BUY,215151.0,272372.0
2025-03-26,1045758,Cigna Corp,SELL,57558.0,0.0
2025-03-26,1045687,Bank of America Corp,BUY,1219187.0,1219204.0
2025-03-26,1045767,CME Group Inc,SELL,23865.0,0.0
2025-03-26,1045828,Carnival Corp,BUY,2223223.0,2223254.0
2025-03-26,1045713,Colgate-Palmolive Co,SELL,54533.0,0.0
2025-03-26,1045647,Corning Inc,SELL,7047670.0,1075768.0
2025-03-26,1045655,salesforce.com Inc,BUY,143434.0,143436.0
2025-03-26,1046776,Charter Communications Inc,BUY,143434.0,143436.0
2025-03-26,1009101,Cisco Systems Inc,BUY,932319.0,932332.0
2025-03-26,1048432,Coty Inc,SELL,2280660.0,0.0
2025-03-26,1045683,Chevron Corp,BUY,286867.0,286871.0
2025-03-26,1045807,Dollar General Corp,BUY,573735.0,573743.0
2025-03-26,1045719,Dow Chemical Co/The,SELL,82614.0,514958.0
2025-03-26,1045839,Discover Financial Services,BUY,286867.0,286871.0
2025-03-26,1047000,Duke Realty Corp,SELL,120344.0,0.0
2025-03-26,1045850,Electronic Arts Inc,SELL,44624.0,0.0
2025-03-26,1045931,Expedia Inc,BUY,286867.0,286871.0
2025-03-26,1050438,Entegris Inc,SELL,172642.0,0.0
2025-03-26,1045994,EQT Corp,SELL,1616781.0,0.0
2025-03-26,1045709,Eli Lilly & Co,SELL,20950.0,0.0
2025-03-26,1045866,Edwards Lifesciences Corp,BUY,645452.0,645461.0
2025-03-26,1045667,F5 Networks Inc,BUY,143434.0,143436.0
2025-03-26,1045971,Extra Space Storage Inc,SELL,2495545.0,0.0
2025-03-26,1046045,Fluor Corp,BUY,1219187.0,1219204.0
2025-03-26,1062044,Federated Hermes Inc,SELL,155799.0,0.0
2025-03-26,1050442,FireEye Inc,SELL,1483352.0,0.0
2025-03-26,1046080,Frontier Communications Corporation,BUY,1434337.0,1434357.0
2025-03-26,1050443,Fortinet Inc,SELL,502125.0,127609.0
2025-03-26,1046097,Garmin Ltd,BUY,215151.0,215154.0
2025-03-26,1009084,General Electric Co,SELL,196712.0,0.0
2025-03-26,1050532,Horizon Pharma Plc,SELL,499295.0,0.0
2025-03-26,1045821,HCA Healthcare Inc,BUY,143434.0,143436.0
2025-03-26,1045701,Honeywell International Inc,SELL,21468.0,107283.0
2025-03-26,1045715,Goldman Sachs Group Inc/The,BUY,71717.0,71718.0
2025-03-26,1046028,Goodyear Tire & Rubber Co/The,SELL,322147.0,0.0
2025-03-26,1045672,HP Inc,SELL,117927.0,0.0
2025-03-26,1045666,Intel Corp,BUY,2366657.0,2366690.0
2025-03-26,1045796,Intuit Inc,BUY,71717.0,71718.0
2025-03-26,1046044,Huntington Bancshares Inc/OH,SELL,363381.0,0.0
2025-03-26,1009083,International Business Machines Corp,SELL,27059.0,0.0
2025-03-26,1012342,"Meta Platforms, Inc.",BUY,71717.0,71718.0
2025-03-26,1046025,Kohl's Corp,SELL,118125.0,0.0
2025-03-26,1009096,JPMorgan Chase & Co,BUY,143434.0,143436.0
2025-03-26,1046030,Interpublic Group of Cos Inc/The,SELL,146481.0,0.0
2025-03-26,1045836,Intuitive Surgical Inc,BUY,71717.0,100327.0
2025-03-26,1045966,Newell Brands Inc,BUY,6884819.0,6884915.0
2025-03-26,1062571,Manitex International Inc,SELL,674291.0,0.0
2025-03-26,1045747,Morgan Stanley,BUY,358584.0,358589.0
2025-03-26,1045872,M&T Bank Corp,SELL,38735.0,0.0
2025-03-26,1050452,Manhattan Associates Inc,SELL,34136.0,0.0
2025-03-26,1062506,Lyft Inc,SELL,290604.0,0.0
2025-03-26,1046099,News Corp,BUY,1649488.0,1649511.0
2025-03-26,1045929,Royal Caribbean Cruises Ltd,BUY,215151.0,215154.0
2025-03-26,1009498,McDonald's Corp,SELL,16268.0,0.0
2025-03-26,1045694,Medtronic PLC,SELL,39308.0,0.0
2025-03-26,1045697,Mastercard Inc,SELL,13074.0,0.0
2025-03-26,1046104,Pitney Bowes Inc.,BUY,5163614.0,5163686.0
2025-03-26,1045951,Micron Technology Inc,SELL,24078.0,120768.0
2025-03-26,1045813,Synchrony Financial,BUY,860602.0,860614.0
2025-03-26,1045727,NextEra Energy Inc,SELL,161949.0,0.0
2025-03-26,1045766,Stryker Corp,BUY,143434.0,150588.0
2025-03-26,1048725,Nice Ltd,SELL,26091.0,0.0
2025-03-26,1045732,Target Corp,BUY,430301.0,430307.0
2025-03-26,1046110,Teradata Corp,BUY,2294940.0,2294972.0
2025-03-26,1009090,Pfizer Inc,SELL,112172.0,128213.0
2025-03-26,1045764,Prudential Financial Inc,SELL,75364.0,0.0
2025-03-26,1050467,PTC Inc ,SELL,51778.0,0.0
2025-03-26,1046096,People's United Financial Inc,SELL,327210.0,0.0
2025-03-26,1046116,Urban Outfitters Inc.,BUY,932319.0,932332.0
2025-03-26,1062464,Sabre Corp,SELL,871778.0,0.0
2025-03-26,1062410,Raytheon Technologies Corporation,SELL,58220.0,0.0
2025-03-26,1048389,Tesla Inc,BUY,143434.0,143436.0
2025-03-26,1045949,Verisk Analytics Inc,BUY,215151.0,215154.0
2025-03-26,1046032,VeriSign Inc,BUY,215151.0,215154.0
2025-03-26,1046015,Signet Jewelers Ltd,SELL,746741.0,0.0
2025-03-26,1062450,Six Flags Entertainment Corp,SELL,123921.0,0.0
2025-03-26,1048278,SM Energy Co,SELL,482570.0,0.0
2025-03-26,1062525,Sterling Bancorp,SELL,166144.0,0.0
2025-03-26,1009238,Wells Fargo & Co,BUY,645452.0,645461.0
2025-03-26,1050539,Syneos Health Inc,SELL,56713.0,0.0
2025-03-26,1048741,Tanger Factory Outlet Centers Inc,SELL,2819667.0,0.0
2025-03-26,1045725,Thermo Fisher Scientific Inc,SELL,95261.0,0.0
2025-03-26,1045707,Union Pacific Corp,SELL,22758.0,0.0
2025-03-26,1045730,TJX Cos Inc/The,SELL,57009.0,0.0
2025-03-26,1050478,Twitter Inc ,SELL,10560440.0,0.0
2025-03-26,1062537,Zynga Inc,SELL,483220.0,0.0
2025-03-26,1045656,Visa Inc,SELL,17024.0,0.0
2025-03-26,1062535,Zendesk Inc,SELL,15508.0,0.0
2025-05-07,1061608,Daewoong Pharmaceutical Co Ltd,SELL,12.0,4847.0
2025-05-07,1046188,SK INNOVATION CO LTD,SELL,5.0,2020.0
2025-05-07,1061699,DB HiTek Co Ltd,SELL,35.0,14138.0
2025-05-07,1061993,Alteogen Inc.,BUY,4.0,4.0
2025-05-07,1061621,LOTTE Fine Chemical Co Ltd,BUY,40.0,40.0
2025-05-12,1046188,SK INNOVATION CO LTD,SELL,5.0,2015.0
2025-05-12,1061699,DB HiTek Co Ltd,SELL,35.0,14103.0
2025-05-12,1061993,Alteogen Inc.,BUY,4.0,8.0
2025-05-12,1061621,LOTTE Fine Chemical Co Ltd,BUY,40.0,80.0
2025-05-12,1061608,Daewoong Pharmaceutical Co Ltd,SELL,12.0,4835.0
2025-05-12,1045733,Kimberly-Clark Corp,BUY,1.0,1.0
2025-05-12,1045966,Newell Brands Inc,SELL,96.0,6884819.0
2025-05-12,1045733,Kimberly-Clark Corp,BUY,3.0,4.0
2025-05-13,1045966,Newell Brands Inc,SELL,97728.0,6787091.0
2025-05-13,1045733,Kimberly-Clark Corp,BUY,3054.0,3058.0
2025-05-13,1045733,Kimberly-Clark Corp,BUY,1000.0,4058.0
2025-05-23,1046124,Tencent Holdings Ltd,SELL,61293.0,231622.0
2025-05-23,1046248,QUANTA COMPUTER INC,BUY,183880.0,183880.0
2025-05-23,1046248,QUANTA COMPUTER INC,BUY,106650.0,290530.0
2025-05-23,1046248,QUANTA COMPUTER INC,BUY,77230.0,367760.0
2025-05-23,1046572,NANYA TECHNOLOGY CORP,SELL,1225867.0,3305675.0
2025-05-23,1046285,LENOVO GROUP LTD,BUY,3677601.0,3677601.0
2025-05-23,1046124,Tencent Holdings Ltd,SELL,37836.0,193786.0
2025-05-23,1046285,LENOVO GROUP LTD,BUY,2270146.13,5947747.13
2025-05-23,1046248,QUANTA COMPUTER INC,BUY,113507.0,481267.0
2025-05-23,1046248,QUANTA COMPUTER INC,BUY,65834.0,547101.0
2025-05-23,1046248,QUANTA COMPUTER INC,BUY,47673.0,594774.0
2025-05-23,1046572,NANYA TECHNOLOGY CORP,SELL,756715.0,2548960.0
2025-05-23,1050502,Neurocrine Biosciences Inc,SELL,56472.0,746.0
2025-05-23,1050550,Owens & Minor Inc,SELL,2152995.0,28424.0
2025-05-23,1050550,Owens & Minor Inc,SELL,430599.0,0.0
2025-05-23,1050550,Owens & Minor Inc,SELL,1722396.0,0.0
2025-05-23,1050545,Brookdale Senior Living Inc,BUY,2280057.0,2280057.0
2025-05-23,1050545,Brookdale Senior Living Inc,BUY,868257.0,3148314.0
2025-05-23,1050545,Brookdale Senior Living Inc,BUY,70590.0,3218904.0
2025-05-23,1050545,Brookdale Senior Living Inc,BUY,635310.0,3854214.0
2025-05-23,1050545,Brookdale Senior Living Inc,BUY,705900.0,4560114.0
2025-05-23,1045725,Thermo Fisher Scientific Inc,BUY,14118.0,14118.0
2025-05-23,1045845,Vertex Pharmaceuticals Inc,BUY,14118.0,14118.0
2025-05-23,1045666,Intel Corp,BUY,480012.0,2846702.0
2025-05-23,1045951,Micron Technology Inc,SELL,120003.0,765.0
2025-05-23,1045951,Micron Technology Inc,SELL,63532.0,0.0
2025-05-23,1045951,Micron Technology Inc,SELL,56472.0,0.0
2025-05-23,1045824,Illumina Inc,SELL,70590.0,932.0
2025-05-23,1061608,Daewoong Pharmaceutical Co Ltd,SELL,4843.0,0.0
2025-05-23,1046188,SK INNOVATION CO LTD,SELL,2018.0,0.0
2025-05-23,1061699,DB HiTek Co Ltd,SELL,14126.0,0.0
2025-05-23,1061993,Alteogen Inc.,BUY,1614.0,1622.0
2025-05-23,1061621,LOTTE Fine Chemical Co Ltd,BUY,16144.0,16224.0
2025-05-23,1061574,Hyundai Heavy Industries Holdings Co Ltd,BUY,3229.0,3229.0
2025-05-23,1100723,"HD Hyundai Heavy Industries Co.,Ltd.",BUY,404.0,404.0
2025-05-23,1050502,Neurocrine Biosciences Inc,SELL,8.0,738.0
2025-05-23,1050550,Owens & Minor Inc,SELL,305.0,0.0
2025-05-23,1050550,Owens & Minor Inc,SELL,61.0,0.0
2025-05-23,1050550,Owens & Minor Inc,SELL,244.0,0.0
2025-05-23,1050545,Brookdale Senior Living Inc,BUY,323.0,4560437.0
2025-05-23,1050545,Brookdale Senior Living Inc,BUY,123.0,4560560.0
2025-05-23,1050545,Brookdale Senior Living Inc,BUY,10.0,4560570.0
2025-05-23,1050545,Brookdale Senior Living Inc,BUY,90.0,4560660.0
2025-05-23,1050545,Brookdale Senior Living Inc,BUY,100.0,4560760.0
2025-05-23,1045725,Thermo Fisher Scientific Inc,BUY,2.0,14120.0
2025-05-23,1045845,Vertex Pharmaceuticals Inc,BUY,2.0,14120.0
2025-05-23,1045666,Intel Corp,BUY,68.0,2846770.0
2025-05-23,1045951,Micron Technology Inc,SELL,17.0,0.0
2025-05-23,1045951,Micron Technology Inc,SELL,9.0,0.0
2025-05-23,1045951,Micron Technology Inc,SELL,8.0,0.0
2025-05-23,1045824,Illumina Inc,SELL,10.0,922.0
2025-05-23,1046124,Tencent Holdings Ltd,SELL,100.0,193686.0
2025-05-23,1046124,Tencent Holdings Ltd,SELL,100.0,193586.0
2025-05-23,1046285,LENOVO GROUP LTD,BUY,6000.0,5953747.13
2025-05-23,1046248,QUANTA COMPUTER INC,BUY,300.0,595074.0
2025-05-23,1046248,QUANTA COMPUTER INC,BUY,174.0,595248.0
2025-05-23,1046248,QUANTA COMPUTER INC,BUY,126.0,595374.0
2025-05-23,1046572,NANYA TECHNOLOGY CORP,SELL,2000.0,2546960.0
