Product_ID,Product_Name,Date,Transaction_Type,Units,Cumulative_Quantity
1009100,3M Co,2021-06-29,BUY,25099.0,25099.0
1009100,3M Co,2025-03-26,SELL,25099.0,0.0
1046315,58.COM INC-ADR,2018-02-28,BUY,22925.0,22925.0
1046315,58.COM INC-ADR,2020-04-30,SELL,22925.0,0.0
1046198,AAC TECHNOLOGIES HOLDINGS IN,2017-02-28,BUY,187903.0,187903.0
1046198,AAC TECHNOLOGIES HOLDINGS IN,2017-05-02,SELL,187903.0,0.0
1050536,ACADIA Pharmaceuticals Inc ,2025-01-21,BUY,27.0,27.0
1050536,ACADIA Pharmaceuticals Inc ,2025-01-21,BUY,193082.0,193109.0
1046394,ACER INC,2018-01-02,BUY,2206740.0,2206740.0
1046394,ACER INC,2018-01-02,BUY,3966133.0,6172873.0
1046394,ACER INC,2018-05-02,BUY,4101649.0,10274522.0
1046394,ACER INC,2023-03-31,SELL,10274522.0,0.0
1050416,ACI Worldwide Inc,2025-01-21,BUY,34.0,34.0
1050416,ACI Worldwide Inc,2025-01-21,BUY,243141.0,243175.0
1012338,AIA Group Ltd,2021-05-17,BUY,194879.0,194879.0
1012338,AIA Group Ltd,2023-03-31,SELL,194879.0,0.0
1012338,AIA Group Ltd,2023-04-01,BUY,194879.0,194879.0
1012338,AIA Group Ltd,2023-04-01,BUY,194879.0,389758.0
1012338,AIA Group Ltd,2023-04-01,BUY,477749.0,867507.0
1012338,AIA Group Ltd,2025-01-20,SELL,59569.0,807938.0
1012338,AIA Group Ltd,2025-01-20,BUY,320278.0,1128216.0
1012338,AIA Group Ltd,2025-01-20,SELL,59569.0,1068647.0
1012338,AIA Group Ltd,2025-01-20,SELL,477749.0,590898.0
1012338,AIA Group Ltd,2025-01-20,BUY,200.0,591098.0
1046397,AIR CHINA LTD-H,2017-02-28,BUY,1139754.0,1139754.0
1046397,AIR CHINA LTD-H,2023-03-31,SELL,1139754.0,0.0
1046165,AMOREPACIFIC CORP,2020-03-31,BUY,2767.0,2767.0
1046165,AMOREPACIFIC CORP,2021-02-15,SELL,2767.0,0.0
1046165,AMOREPACIFIC CORP,2021-04-30,BUY,2156.0,2156.0
1046165,AMOREPACIFIC CORP,2021-07-16,SELL,2156.0,0.0
1046686,ANTA SPORTS PRODUCTS LTD.,2017-12-01,BUY,735641.0,735641.0
1046686,ANTA SPORTS PRODUCTS LTD.,2018-08-31,SELL,735641.0,0.0
1009085,AT&T Inc,2024-06-03,BUY,440198.0,440198.0
1009085,AT&T Inc,2024-06-03,BUY,440198.0,880396.0
1009085,AT&T Inc,2025-01-20,SELL,440198.0,440198.0
1009085,AT&T Inc,2025-03-26,BUY,27.0,440225.0
1009085,AT&T Inc,2025-03-26,BUY,1501413.0,1941638.0
1046470,AVICHINA INDUSTRY & TECH-H,2018-08-01,BUY,2257351.0,2257351.0
1046470,AVICHINA INDUSTRY & TECH-H,2019-03-01,SELL,2257351.0,0.0
1045698,AbbVie Inc,2022-07-15,BUY,21485.0,21485.0
1045698,AbbVie Inc,2022-07-15,BUY,21485.0,42970.0
1045698,AbbVie Inc,2025-01-21,SELL,21485.0,21485.0
1045698,AbbVie Inc,2025-03-26,SELL,21485.0,0.0
1045716,Abbott Laboratories,2021-06-29,BUY,42253.0,42253.0
1045716,Abbott Laboratories,2021-06-30,BUY,42253.0,84506.0
1045716,Abbott Laboratories,2025-01-21,BUY,23.0,84529.0
1045716,Abbott Laboratories,2025-01-21,BUY,121362.0,205891.0
1045716,Abbott Laboratories,2025-03-26,SELL,42253.0,163638.0
1045662,Accenture PLC,2021-06-29,BUY,15899.0,15899.0
1045662,Accenture PLC,2021-06-30,BUY,15899.0,31798.0
1045662,Accenture PLC,2024-06-03,SELL,15899.0,15899.0
1045662,Accenture PLC,2024-06-03,SELL,15899.0,0.0
1045659,Adobe Systems Inc,2021-06-29,BUY,80112.0,80112.0
1045659,Adobe Systems Inc,2021-06-30,BUY,80112.0,160224.0
1045659,Adobe Systems Inc,2022-07-15,SELL,80112.0,80112.0
1045659,Adobe Systems Inc,2022-07-15,SELL,80112.0,0.0
1012343,Air Products & Chemicals Inc,2025-01-21,BUY,14.0,14.0
1012343,Air Products & Chemicals Inc,2025-01-21,BUY,100117.0,100131.0
1101443,Alibaba Group Holding Limited,2025-01-20,BUY,265352.0,265352.0
1101443,Alibaba Group Holding Limited,2025-01-20,BUY,640556.0,905908.0
1101443,Alibaba Group Holding Limited,2025-01-20,BUY,265352.0,1171260.0
1101443,Alibaba Group Holding Limited,2025-01-20,BUY,400.0,1171660.0
1045677,Alibaba Group Holding Ltd,2017-10-02,BUY,20755.0,20755.0
1045677,Alibaba Group Holding Ltd,2019-12-16,SELL,20755.0,0.0
1045677,Alibaba Group Holding Ltd,2020-07-15,BUY,7674.0,7674.0
1045677,Alibaba Group Holding Ltd,2021-09-30,SELL,7674.0,0.0
1050503,Alkermes PLC,2024-06-03,BUY,33894.0,33894.0
1050503,Alkermes PLC,2024-06-03,BUY,33894.0,67788.0
1050503,Alkermes PLC,2025-01-21,SELL,33894.0,33894.0
1050503,Alkermes PLC,2025-03-26,SELL,33894.0,0.0
1009093,Alphabet Inc,2022-07-15,BUY,344953.0,344953.0
1009093,Alphabet Inc,2022-07-15,BUY,344953.0,689906.0
1009093,Alphabet Inc,2025-01-21,BUY,25.0,689931.0
1009093,Alphabet Inc,2025-01-21,SELL,344953.0,344978.0
1009093,Alphabet Inc,2025-03-26,BUY,4.0,344982.0
1009093,Alphabet Inc,2025-03-26,SELL,66616.0,278366.0
1045652,Alphabet Inc. Class C,2025-01-21,BUY,178780.0,178780.0
1061993,Alteogen Inc.,2021-02-01,BUY,20353.0,20353.0
1061993,Alteogen Inc.,2021-04-01,SELL,20353.0,0.0
1061993,Alteogen Inc.,2022-04-14,BUY,7509.0,7509.0
1061993,Alteogen Inc.,2025-03-21,SELL,7509.0,0.0
1061993,Alteogen Inc.,2025-05-07,BUY,4.0,4.0
1061993,Alteogen Inc.,2025-05-12,BUY,4.0,8.0
1061993,Alteogen Inc.,2025-05-23,BUY,1614.0,1622.0
1045689,Altria Group Inc,2021-06-29,BUY,106331.0,106331.0
1045689,Altria Group Inc,2025-03-26,SELL,106331.0,0.0
1045649,Amazon.com Inc,2021-06-29,BUY,1373.0,1373.0
1045649,Amazon.com Inc,2025-03-26,SELL,1373.0,0.0
1009490,American International Group Inc,2022-07-15,BUY,103843.0,103843.0
1009490,American International Group Inc,2025-03-26,SELL,103843.0,0.0
1045692,Amgen Inc,2025-01-21,BUY,2.0,2.0
1045692,Amgen Inc,2025-01-21,BUY,14302.0,14304.0
1045692,Amgen Inc,2025-03-26,BUY,2.0,14306.0
1045692,Amgen Inc,2025-03-26,BUY,143434.0,157740.0
1045873,Amphenol Corp,2025-03-26,BUY,12.0,12.0
1045873,Amphenol Corp,2025-03-26,BUY,860602.0,860614.0
1045664,Analog Devices Inc,2024-06-03,BUY,126235.0,126235.0
1045664,Analog Devices Inc,2024-06-03,BUY,126235.0,252470.0
1045664,Analog Devices Inc,2025-01-21,BUY,8.0,252478.0
1045664,Analog Devices Inc,2025-01-21,SELL,69745.0,182733.0
1045664,Analog Devices Inc,2025-03-26,SELL,126235.0,56498.0
1045861,Apache Corp,2022-09-29,BUY,2262760.0,2262760.0
1045861,Apache Corp,2024-06-03,SELL,2262760.0,0.0
1009079,Apple Inc,2021-06-29,BUY,340357.0,340357.0
1009079,Apple Inc,2021-06-30,BUY,340357.0,680714.0
1009079,Apple Inc,2025-01-21,BUY,64.0,680778.0
1009079,Apple Inc,2025-01-21,BUY,118986.0,799764.0
1009079,Apple Inc,2025-03-26,SELL,340357.0,459407.0
1045826,Archer-Daniels-Midland Co,2024-06-03,BUY,133251.0,133251.0
1045826,Archer-Daniels-Midland Co,2025-03-26,SELL,133251.0,0.0
1046595,Arthur J Gallagher & Co,2021-06-29,BUY,35159.0,35159.0
1046595,Arthur J Gallagher & Co,2024-05-02,SELL,35159.0,0.0
1046853,BAIC MOTOR-H,2025-01-20,BUY,663380.0,663380.0
1046853,BAIC MOTOR-H,2025-01-20,BUY,1601391.0,2264771.0
1046853,BAIC MOTOR-H,2025-01-20,BUY,663380.0,2928151.0
1046853,BAIC MOTOR-H,2025-01-20,BUY,1000.0,2929151.0
1046605,BEIJING ENTERPRISES HOLDINGS LTD.,2017-02-28,BUY,128028.0,128028.0
1046605,BEIJING ENTERPRISES HOLDINGS LTD.,2017-05-15,SELL,128028.0,0.0
1046378,"BGF Co., Ltd.",2021-08-13,BUY,13313.0,13313.0
1046378,"BGF Co., Ltd.",2021-11-01,BUY,13846.0,27159.0
1046378,"BGF Co., Ltd.",2024-07-15,SELL,13313.0,13846.0
1046378,"BGF Co., Ltd.",2025-03-21,BUY,50.0,13896.0
1046378,"BGF Co., Ltd.",2025-03-21,BUY,165869.0,179765.0
1046378,"BGF Co., Ltd.",2025-03-24,BUY,395.0,180160.0
1061582,BGF retail Co Ltd,2020-03-31,BUY,377.0,377.0
1061582,BGF retail Co Ltd,2020-10-30,SELL,377.0,0.0
1061582,BGF retail Co Ltd,2024-07-15,BUY,20129.0,20129.0
1061582,BGF retail Co Ltd,2025-03-21,SELL,20129.0,0.0
1046735,BNK FINANCIAL GROUP INC,2020-03-31,BUY,11373.0,11373.0
1046735,BNK FINANCIAL GROUP INC,2021-04-30,SELL,11373.0,0.0
1046735,BNK FINANCIAL GROUP INC,2021-11-01,BUY,7493.0,7493.0
1046735,BNK FINANCIAL GROUP INC,2025-03-21,SELL,7493.0,0.0
1046164,BOC HONG KONG HOLDINGS LTD,2017-02-28,BUY,520576.0,520576.0
1046164,BOC HONG KONG HOLDINGS LTD,2021-05-17,SELL,520576.0,0.0
1009493,"Baidu, Inc",2017-02-28,BUY,13438.0,13438.0
1009493,"Baidu, Inc",2017-09-01,BUY,28630.0,42068.0
1009493,"Baidu, Inc",2019-03-01,SELL,28630.0,13438.0
1009493,"Baidu, Inc",2019-05-02,SELL,13438.0,0.0
1009493,"Baidu, Inc",2021-09-30,BUY,9683.0,9683.0
1009493,"Baidu, Inc",2022-06-30,SELL,9683.0,0.0
1045687,Bank of America Corp,2025-03-26,BUY,17.0,17.0
1045687,Bank of America Corp,2025-03-26,BUY,1219187.0,1219204.0
1009152,"Bank of Communications Co., Ltd.",2019-01-15,BUY,2598597.0,2598597.0
1009152,"Bank of Communications Co., Ltd.",2020-02-04,SELL,2598597.0,0.0
1045746,Bank of New York Mellon Corp/The,2021-06-29,BUY,100270.0,100270.0
1045746,Bank of New York Mellon Corp/The,2025-03-26,SELL,100270.0,0.0
1048427,Berkshire Hathaway Inc,2021-06-29,BUY,11.0,11.0
1048427,Berkshire Hathaway Inc,2025-03-26,SELL,11.0,0.0
1046023,Best Buy Co Inc,2021-06-29,BUY,45430.0,45430.0
1046023,Best Buy Co Inc,2022-07-15,SELL,45430.0,0.0
1050509,Bio-Techne Corp,2021-06-29,BUY,10649.0,10649.0
1050509,Bio-Techne Corp,2021-06-30,BUY,10649.0,21298.0
1050509,Bio-Techne Corp,2024-06-03,SELL,10649.0,10649.0
1050509,Bio-Techne Corp,2024-06-03,SELL,10649.0,0.0
1045723,Biogen Inc,2021-06-29,BUY,15309.0,15309.0
1045723,Biogen Inc,2021-06-30,BUY,15309.0,30618.0
1045723,Biogen Inc,2022-07-15,SELL,15309.0,15309.0
1045723,Biogen Inc,2022-07-15,SELL,15309.0,0.0
1050422,Blackbaud Inc,2025-01-21,BUY,64.0,64.0
1050422,Blackbaud Inc,2025-01-21,BUY,457676.0,457740.0
1045722,Broadcom Ltd,2021-06-29,BUY,10489.0,10489.0
1045722,Broadcom Ltd,2021-06-30,BUY,10489.0,20978.0
1045722,Broadcom Ltd,2023-02-01,SELL,10489.0,10489.0
1045722,Broadcom Ltd,2023-02-01,SELL,10489.0,0.0
1045722,Broadcom Ltd,2025-01-21,BUY,8.0,8.0
1045722,Broadcom Ltd,2025-01-21,BUY,57210.0,57218.0
1045722,Broadcom Ltd,2025-03-26,BUY,3.0,57221.0
1045722,Broadcom Ltd,2025-03-26,BUY,215151.0,272372.0
1050545,Brookdale Senior Living Inc,2025-05-23,BUY,2280057.0,2280057.0
1050545,Brookdale Senior Living Inc,2025-05-23,BUY,868257.0,3148314.0
1050545,Brookdale Senior Living Inc,2025-05-23,BUY,70590.0,3218904.0
1050545,Brookdale Senior Living Inc,2025-05-23,BUY,635310.0,3854214.0
1050545,Brookdale Senior Living Inc,2025-05-23,BUY,705900.0,4560114.0
1050545,Brookdale Senior Living Inc,2025-05-23,BUY,323.0,4560437.0
1050545,Brookdale Senior Living Inc,2025-05-23,BUY,123.0,4560560.0
1050545,Brookdale Senior Living Inc,2025-05-23,BUY,10.0,4560570.0
1050545,Brookdale Senior Living Inc,2025-05-23,BUY,90.0,4560660.0
1050545,Brookdale Senior Living Inc,2025-05-23,BUY,100.0,4560760.0
1061607,Bukwang Pharmaceutical Co Ltd,2020-03-31,BUY,17388.0,17388.0
1061607,Bukwang Pharmaceutical Co Ltd,2021-02-01,SELL,17388.0,0.0
1062383,Bunge Ltd,2022-10-18,BUY,81026.0,81026.0
1062383,Bunge Ltd,2025-03-26,SELL,81026.0,0.0
1046272,CATCHER TECHNOLOGY CO LTD,2017-04-14,BUY,223029.0,223029.0
1046272,CATCHER TECHNOLOGY CO LTD,2023-03-31,SELL,223029.0,0.0
1050428,CDK Global Inc,2024-06-03,BUY,49201.0,49201.0
1050428,CDK Global Inc,2024-06-03,BUY,49201.0,98402.0
1050428,CDK Global Inc,2025-01-21,SELL,49201.0,49201.0
1050428,CDK Global Inc,2025-03-26,SELL,49201.0,0.0
1048430,CF Industries Holdings Inc,2021-06-29,BUY,105813.0,105813.0
1048430,CF Industries Holdings Inc,2025-03-26,SELL,105813.0,0.0
1045981,CH Robinson Worldwide Inc,2024-06-03,BUY,481017.0,481017.0
1045981,CH Robinson Worldwide Inc,2025-03-26,BUY,10.0,481027.0
1045981,CH Robinson Worldwide Inc,2025-03-26,BUY,243003.0,724030.0
1046512,CHEIL WORLDWIDE INC,2020-03-31,BUY,3248.0,3248.0
1046512,CHEIL WORLDWIDE INC,2021-11-01,SELL,3248.0,0.0
1046244,CHEUNG KONG INFRASTRUCTURE,2018-05-02,BUY,243419.0,243419.0
1046244,CHEUNG KONG INFRASTRUCTURE,2021-06-15,SELL,243419.0,0.0
1046254,CHINA COMMUNICATIONS CONST-H,2017-12-15,BUY,984857.0,984857.0
1046254,CHINA COMMUNICATIONS CONST-H,2020-01-16,SELL,984857.0,0.0
1046479,CHINA COMMUNICATIONS SERVI-H,2018-11-01,BUY,2969551.0,2969551.0
1046479,CHINA COMMUNICATIONS SERVI-H,2019-10-15,SELL,2969551.0,0.0
1046479,CHINA COMMUNICATIONS SERVI-H,2020-07-01,BUY,1496145.0,1496145.0
1046479,CHINA COMMUNICATIONS SERVI-H,2020-07-01,BUY,2027338.0,3523483.0
1046479,CHINA COMMUNICATIONS SERVI-H,2021-04-30,SELL,2027338.0,1496145.0
1046479,CHINA COMMUNICATIONS SERVI-H,2021-06-15,SELL,1496145.0,0.0
1046699,CHINA CONCH VENTURE HOLDINGS LTD,2020-07-15,BUY,135018.0,135018.0
1046699,CHINA CONCH VENTURE HOLDINGS LTD,2023-04-01,BUY,135018.0,270036.0
1046699,CHINA CONCH VENTURE HOLDINGS LTD,2023-04-01,BUY,135018.0,405054.0
1046699,CHINA CONCH VENTURE HOLDINGS LTD,2023-04-01,BUY,195981.0,601035.0
1046699,CHINA CONCH VENTURE HOLDINGS LTD,2024-05-01,SELL,135018.0,466017.0
1046699,CHINA CONCH VENTURE HOLDINGS LTD,2024-05-01,SELL,330999.0,135018.0
1046699,CHINA CONCH VENTURE HOLDINGS LTD,2024-05-01,SELL,135018.0,0.0
1046548,CHINA COSCO HOLDINGS-H,2021-02-15,BUY,1836868.0,1836868.0
1046548,CHINA COSCO HOLDINGS-H,2023-04-01,BUY,1836868.0,3673736.0
1046548,CHINA COSCO HOLDINGS-H,2023-04-01,BUY,1836868.0,5510604.0
1046548,CHINA COSCO HOLDINGS-H,2023-04-01,BUY,2770255.0,8280859.0
1046548,CHINA COSCO HOLDINGS-H,2025-01-20,SELL,1836868.0,6443991.0
1046548,CHINA COSCO HOLDINGS-H,2025-01-20,SELL,4607123.0,1836868.0
1046548,CHINA COSCO HOLDINGS-H,2025-01-20,SELL,1836868.0,0.0
1046594,CHINA DEVELOPMENT FINANCIAL HOLDIN,2021-11-15,BUY,11926530.0,11926530.0
1046594,CHINA DEVELOPMENT FINANCIAL HOLDIN,2022-12-26,SELL,11926530.0,0.0
1046685,CHINA GALAXY SECURITIES CLS H LTD,2017-02-28,BUY,2314177.0,2314177.0
1046685,CHINA GALAXY SECURITIES CLS H LTD,2017-05-15,SELL,2314177.0,0.0
1046525,CHINA JINMAO HOLDINGS GROUP,2022-01-28,BUY,11339092.0,11339092.0
1046525,CHINA JINMAO HOLDINGS GROUP,2023-04-01,BUY,11339092.0,22678184.0
1046525,CHINA JINMAO HOLDINGS GROUP,2023-04-01,BUY,11339092.0,34017276.0
1046525,CHINA JINMAO HOLDINGS GROUP,2023-04-01,BUY,16458869.0,50476145.0
1046525,CHINA JINMAO HOLDINGS GROUP,2025-01-20,SELL,11339092.0,39137053.0
1046525,CHINA JINMAO HOLDINGS GROUP,2025-01-20,SELL,27797961.0,11339092.0
1046525,CHINA JINMAO HOLDINGS GROUP,2025-01-20,SELL,11339092.0,0.0
1046193,CHINA MERCHANTS BANK CO. LTD H,2017-12-01,BUY,585939.0,585939.0
1046193,CHINA MERCHANTS BANK CO. LTD H,2018-12-03,SELL,585939.0,0.0
1046526,CHINA OILFIELD SERVICES-H,2020-08-31,BUY,1758575.0,1758575.0
1046526,CHINA OILFIELD SERVICES-H,2021-02-01,SELL,1758575.0,0.0
1046526,CHINA OILFIELD SERVICES-H,2025-01-20,BUY,1326760.0,1326760.0
1046526,CHINA OILFIELD SERVICES-H,2025-01-20,BUY,3202782.0,4529542.0
1046526,CHINA OILFIELD SERVICES-H,2025-01-20,BUY,1326760.0,5856302.0
1046526,CHINA OILFIELD SERVICES-H,2025-01-20,BUY,2000.0,5858302.0
1046179,CHINA PACIFIC INSURANCE (GROUP) LT,2020-01-02,BUY,521120.0,521120.0
1046179,CHINA PACIFIC INSURANCE (GROUP) LT,2020-05-15,SELL,521120.0,0.0
1046678,CHINA RAILWAY CONSTRUCTION CORP LT,2017-06-30,BUY,912581.0,912581.0
1046678,CHINA RAILWAY CONSTRUCTION CORP LT,2017-12-15,SELL,912581.0,0.0
1046626,CHINA RAILWAY GROUP LTD H,2017-12-01,BUY,1490171.0,1490171.0
1046626,CHINA RAILWAY GROUP LTD H,2018-08-01,SELL,1490171.0,0.0
1046204,CHINA RESOURCES LAND LTD,2018-08-01,BUY,1432901.0,1432901.0
1046204,CHINA RESOURCES LAND LTD,2023-03-31,SELL,1432901.0,0.0
1046204,CHINA RESOURCES LAND LTD,2025-01-20,BUY,663380.0,663380.0
1046204,CHINA RESOURCES LAND LTD,2025-01-20,BUY,1601391.0,2264771.0
1046204,CHINA RESOURCES LAND LTD,2025-01-20,BUY,663380.0,2928151.0
1046204,CHINA RESOURCES LAND LTD,2025-01-20,BUY,1000.0,2929151.0
1046240,CHINA SHENHUA ENERGY CO-H,2019-04-01,BUY,696052.0,696052.0
1046240,CHINA SHENHUA ENERGY CO-H,2020-08-31,SELL,696052.0,0.0
1046460,CHINA SOUTHERN AIRLINES CO-H,2017-10-16,BUY,1260350.0,1260350.0
1046460,CHINA SOUTHERN AIRLINES CO-H,2017-12-01,SELL,1260350.0,0.0
1046460,CHINA SOUTHERN AIRLINES CO-H,2025-01-20,BUY,2653520.0,2653520.0
1046460,CHINA SOUTHERN AIRLINES CO-H,2025-01-20,BUY,6405564.0,9059084.0
1046460,CHINA SOUTHERN AIRLINES CO-H,2025-01-20,BUY,2653520.0,11712604.0
1046460,CHINA SOUTHERN AIRLINES CO-H,2025-01-20,BUY,4000.0,11716604.0
1046617,CHINA STATE CONSTRUCTION INTERNATI,2020-01-16,BUY,923116.0,923116.0
1046617,CHINA STATE CONSTRUCTION INTERNATI,2020-07-15,SELL,923116.0,0.0
1046333,CHINA TAIPING INSURANCE HOLD,2017-05-15,BUY,816055.0,816055.0
1046333,CHINA TAIPING INSURANCE HOLD,2018-11-01,SELL,816055.0,0.0
1046229,CHINA TELECOM CORP LTD-H,2017-02-28,BUY,4846156.0,4846156.0
1046229,CHINA TELECOM CORP LTD-H,2017-12-01,SELL,4846156.0,0.0
1046229,CHINA TELECOM CORP LTD-H,2018-02-28,BUY,4889226.0,4889226.0
1046229,CHINA TELECOM CORP LTD-H,2018-11-01,SELL,4889226.0,0.0
1046229,CHINA TELECOM CORP LTD-H,2021-04-30,BUY,2502236.0,2502236.0
1046229,CHINA TELECOM CORP LTD-H,2023-04-01,BUY,2502236.0,5004472.0
1046229,CHINA TELECOM CORP LTD-H,2023-04-01,BUY,2502236.0,7506708.0
1046229,CHINA TELECOM CORP LTD-H,2023-04-01,BUY,3632035.0,11138743.0
1046229,CHINA TELECOM CORP LTD-H,2025-01-20,SELL,2502236.0,8636507.0
1046229,CHINA TELECOM CORP LTD-H,2025-01-20,SELL,2502236.0,6134271.0
1046229,CHINA TELECOM CORP LTD-H,2025-01-20,SELL,6134271.0,0.0
1046326,CHINA VANKE LTD H,2017-05-31,BUY,1777910.0,1777910.0
1046326,CHINA VANKE LTD H,2023-03-31,SELL,1777910.0,0.0
1046239,CITIC LTD,2024-05-01,BUY,251809.0,251809.0
1046239,CITIC LTD,2024-05-01,BUY,102613.0,354422.0
1046239,CITIC LTD,2024-05-01,BUY,102613.0,457035.0
1046239,CITIC LTD,2025-01-20,SELL,102613.0,354422.0
1046239,CITIC LTD,2025-01-20,SELL,102613.0,251809.0
1046239,CITIC LTD,2025-01-20,SELL,251809.0,0.0
1046669,CJ CORP,2020-03-31,BUY,772.0,772.0
1046669,CJ CORP,2021-04-30,SELL,772.0,0.0
1045767,CME Group Inc,2021-06-29,BUY,23865.0,23865.0
1045767,CME Group Inc,2025-03-26,SELL,23865.0,0.0
1009158,CNOOC Ltd,2018-04-16,BUY,975786.0,975786.0
1009158,CNOOC Ltd,2018-09-17,SELL,975786.0,0.0
1046468,COSCO SHIPPING Ports Ltd,2019-03-01,BUY,1469641.0,1469641.0
1046468,COSCO SHIPPING Ports Ltd,2020-01-02,SELL,1469641.0,0.0
1046701,COUNTRY GARDEN HOLDINGS LTD,2019-09-02,BUY,3421263.0,3421263.0
1046701,COUNTRY GARDEN HOLDINGS LTD,2023-03-31,SELL,3421263.0,0.0
1046312,CRRC CORP LTD - H,2025-01-20,BUY,1326760.0,1326760.0
1046312,CRRC CORP LTD - H,2025-01-20,BUY,3202782.0,4529542.0
1046312,CRRC CORP LTD - H,2025-01-20,BUY,1326760.0,5856302.0
1046312,CRRC CORP LTD - H,2025-01-20,BUY,2000.0,5858302.0
1046150,CTRIP.COM INTERNATIONAL ADR REPRE,2018-04-02,BUY,67519.0,67519.0
1046150,CTRIP.COM INTERNATIONAL ADR REPRE,2020-03-02,SELL,67519.0,0.0
1045691,CVS Health Corp,2021-06-29,BUY,60468.0,60468.0
1045691,CVS Health Corp,2021-06-30,BUY,60468.0,120936.0
1045691,CVS Health Corp,2024-05-02,SELL,60468.0,60468.0
1045691,CVS Health Corp,2024-05-02,SELL,60468.0,0.0
1045828,Carnival Corp,2025-03-26,BUY,31.0,31.0
1045828,Carnival Corp,2025-03-26,BUY,2223223.0,2223254.0
1050511,Catalent Inc,2021-06-29,BUY,43376.0,43376.0
1050511,Catalent Inc,2021-06-30,BUY,43376.0,86752.0
1050511,Catalent Inc,2025-01-21,SELL,43376.0,43376.0
1050511,Catalent Inc,2025-03-26,SELL,43376.0,0.0
1012332,"Celltrion, Inc.",2021-04-30,BUY,4759.0,4759.0
1012332,"Celltrion, Inc.",2021-07-16,SELL,4759.0,0.0
1012332,"Celltrion, Inc.",2025-03-21,BUY,3635.0,3635.0
1012332,"Celltrion, Inc.",2025-03-24,BUY,9.0,3644.0
1046776,Charter Communications Inc,2021-06-29,BUY,6937.0,6937.0
1046776,Charter Communications Inc,2021-06-30,BUY,6937.0,13874.0
1046776,Charter Communications Inc,2022-10-18,SELL,6937.0,6937.0
1046776,Charter Communications Inc,2022-10-18,SELL,6937.0,0.0
1046776,Charter Communications Inc,2025-03-26,BUY,2.0,2.0
1046776,Charter Communications Inc,2025-03-26,BUY,143434.0,143436.0
1048785,Cheetah Mobile Inc,2021-06-29,BUY,2220666.0,2220666.0
1048785,Cheetah Mobile Inc,2021-06-30,BUY,2220666.0,4441332.0
1048785,Cheetah Mobile Inc,2022-09-29,SELL,2220666.0,2220666.0
1048785,Cheetah Mobile Inc,2022-09-29,SELL,2220666.0,0.0
1050518,Chemed Corp,2024-02-05,BUY,6088.0,6088.0
1050518,Chemed Corp,2024-05-02,BUY,6088.0,12176.0
1050518,Chemed Corp,2025-01-21,BUY,3.0,12179.0
1050518,Chemed Corp,2025-01-21,BUY,15334.0,27513.0
1050518,Chemed Corp,2025-03-26,SELL,6088.0,21425.0
1012334,Chesapeake Energy Corp,2021-06-29,BUY,185124.0,185124.0
1012334,Chesapeake Energy Corp,2022-07-15,SELL,185124.0,0.0
1009174,Cheung Kong (Holdings) Limited,2017-02-28,BUY,160178.0,160178.0
1009174,Cheung Kong (Holdings) Limited,2019-01-02,SELL,160178.0,0.0
1045683,Chevron Corp,2025-03-26,BUY,4.0,4.0
1045683,Chevron Corp,2025-03-26,BUY,286867.0,286871.0
1009467,China Construction Bank Corporation,2017-02-28,BUY,2488905.0,2488905.0
1009467,China Construction Bank Corporation,2017-12-01,SELL,2488905.0,0.0
1009156,China Life Insurance Co. Ltd.,2017-02-28,BUY,515020.0,515020.0
1009156,China Life Insurance Co. Ltd.,2017-05-02,BUY,532765.0,1047785.0
1009156,China Life Insurance Co. Ltd.,2017-09-01,SELL,515020.0,532765.0
1009156,China Life Insurance Co. Ltd.,2017-09-01,SELL,532765.0,0.0
1009166,China Mobile Limited,2017-12-01,BUY,239468.0,239468.0
1009166,China Mobile Limited,2023-03-31,SELL,239468.0,0.0
1009164,China Petroleum & Chemical Corp,2017-05-15,BUY,2201776.0,2201776.0
1009164,China Petroleum & Chemical Corp,2017-09-01,SELL,2201776.0,0.0
1009164,China Petroleum & Chemical Corp,2018-09-17,BUY,2008342.0,2008342.0
1009164,China Petroleum & Chemical Corp,2019-04-01,SELL,2008342.0,0.0
1009157,China Unicom (Hong Kong) Limited,2017-02-28,BUY,1668320.0,1668320.0
1009157,China Unicom (Hong Kong) Limited,2018-02-28,SELL,1668320.0,0.0
1009157,China Unicom (Hong Kong) Limited,2019-09-16,BUY,2255228.0,2255228.0
1009157,China Unicom (Hong Kong) Limited,2019-10-15,BUY,1664269.0,3919497.0
1009157,China Unicom (Hong Kong) Limited,2020-07-01,SELL,1664269.0,2255228.0
1009157,China Unicom (Hong Kong) Limited,2021-06-15,BUY,1217448.0,3472676.0
1009157,China Unicom (Hong Kong) Limited,2023-03-31,SELL,3472676.0,0.0
1009157,China Unicom (Hong Kong) Limited,2023-04-01,BUY,1217448.0,1217448.0
1009157,China Unicom (Hong Kong) Limited,2023-04-01,BUY,1217448.0,2434896.0
1009157,China Unicom (Hong Kong) Limited,2023-04-01,BUY,2984593.0,5419489.0
1009157,China Unicom (Hong Kong) Limited,2025-01-20,SELL,1217448.0,4202041.0
1009157,China Unicom (Hong Kong) Limited,2025-01-20,SELL,1217448.0,2984593.0
1009157,China Unicom (Hong Kong) Limited,2025-01-20,SELL,2984593.0,0.0
1045758,Cigna Corp,2024-06-03,BUY,57558.0,57558.0
1045758,Cigna Corp,2025-03-26,SELL,57558.0,0.0
1062024,Cigna Corporation,2024-06-03,BUY,57558.0,57558.0
1062024,Cigna Corporation,2025-01-21,SELL,57558.0,0.0
1048696,Cirrus Logic Inc,2021-06-29,BUY,591295.0,591295.0
1048696,Cirrus Logic Inc,2021-06-30,BUY,591295.0,1182590.0
1048696,Cirrus Logic Inc,2022-07-15,SELL,591295.0,591295.0
1048696,Cirrus Logic Inc,2022-07-15,SELL,591295.0,0.0
1009101,Cisco Systems Inc,2025-03-26,BUY,13.0,13.0
1009101,Cisco Systems Inc,2025-03-26,BUY,932319.0,932332.0
1045713,Colgate-Palmolive Co,2024-06-03,BUY,54533.0,54533.0
1045713,Colgate-Palmolive Co,2025-03-26,SELL,54533.0,0.0
1045686,Comcast Corp,2025-01-21,BUY,86.0,86.0
1045686,Comcast Corp,2025-01-21,BUY,615003.0,615089.0
1050432,CommVault Systems Inc ,2025-01-21,BUY,11.0,11.0
1050432,CommVault Systems Inc ,2025-01-21,BUY,78663.0,78674.0
1045647,Corning Inc,2021-06-29,BUY,123583.0,123583.0
1045647,Corning Inc,2021-06-30,BUY,123583.0,247166.0
1045647,Corning Inc,2022-09-29,SELL,123583.0,123583.0
1045647,Corning Inc,2022-09-29,SELL,123583.0,0.0
1045647,Corning Inc,2024-02-01,BUY,8123423.0,8123423.0
1045647,Corning Inc,2024-02-01,BUY,8123423.0,16246846.0
1045647,Corning Inc,2024-02-01,SELL,4118004.0,12128842.0
1045647,Corning Inc,2025-01-21,SELL,4005419.0,8123423.0
1045647,Corning Inc,2025-03-26,BUY,15.0,8123438.0
1045647,Corning Inc,2025-03-26,SELL,7047670.0,1075768.0
1061604,Cosmax Inc,2021-12-15,BUY,3764.0,3764.0
1061604,Cosmax Inc,2025-03-21,SELL,3764.0,0.0
1048432,Coty Inc,2022-07-15,BUY,2280660.0,2280660.0
1048432,Coty Inc,2025-03-26,SELL,2280660.0,0.0
1046736,DAELIM INDUSTRIAL LTD,2020-03-31,BUY,769.0,769.0
1046736,DAELIM INDUSTRIAL LTD,2021-04-01,SELL,769.0,0.0
1046736,DAELIM INDUSTRIAL LTD,2025-03-21,BUY,45.0,45.0
1046736,DAELIM INDUSTRIAL LTD,2025-03-21,BUY,18177.0,18222.0
1046583,DAEWOO ENGINEERING & CONSTR,2025-03-21,BUY,416.0,416.0
1046583,DAEWOO ENGINEERING & CONSTR,2025-03-21,BUY,168037.0,168453.0
1061699,DB HiTek Co Ltd,2025-03-21,BUY,35.0,35.0
1061699,DB HiTek Co Ltd,2025-03-21,BUY,14138.0,14173.0
1061699,DB HiTek Co Ltd,2025-05-07,SELL,35.0,14138.0
1061699,DB HiTek Co Ltd,2025-05-12,SELL,35.0,14103.0
1061699,DB HiTek Co Ltd,2025-05-23,SELL,14126.0,-23.0
1046627,DONGBU INSURANCE LTD,2020-03-31,BUY,1515.0,1515.0
1046627,DONGBU INSURANCE LTD,2021-11-15,SELL,1515.0,0.0
1048434,DXC Technology Co,2021-06-29,BUY,1290738.0,1290738.0
1048434,DXC Technology Co,2021-06-30,BUY,1290738.0,2581476.0
1048434,DXC Technology Co,2024-05-02,SELL,1290738.0,1290738.0
1048434,DXC Technology Co,2024-05-02,SELL,1290738.0,0.0
1061608,Daewoong Pharmaceutical Co Ltd,2020-07-31,BUY,18436.0,18436.0
1061608,Daewoong Pharmaceutical Co Ltd,2021-02-01,SELL,18436.0,0.0
1061608,Daewoong Pharmaceutical Co Ltd,2022-07-15,BUY,2162.0,2162.0
1061608,Daewoong Pharmaceutical Co Ltd,2025-03-21,BUY,12.0,2174.0
1061608,Daewoong Pharmaceutical Co Ltd,2025-03-21,BUY,2685.0,4859.0
1061608,Daewoong Pharmaceutical Co Ltd,2025-05-07,SELL,12.0,4847.0
1061608,Daewoong Pharmaceutical Co Ltd,2025-05-12,SELL,12.0,4835.0
1061608,Daewoong Pharmaceutical Co Ltd,2025-05-23,SELL,4843.0,-8.0
1046043,Darden Restaurants Inc,2021-06-29,BUY,34649.0,34649.0
1046043,Darden Restaurants Inc,2022-07-15,SELL,34649.0,0.0
1062462,Dell Technologies Inc,2023-05-02,BUY,1532216.0,1532216.0
1062462,Dell Technologies Inc,2023-05-02,BUY,1532216.0,3064432.0
1062462,Dell Technologies Inc,2024-02-01,SELL,1532216.0,1532216.0
1062462,Dell Technologies Inc,2024-02-01,SELL,1532216.0,0.0
1045839,Discover Financial Services,2025-03-26,BUY,4.0,4.0
1045839,Discover Financial Services,2025-03-26,BUY,286867.0,286871.0
1062500,DocuSign Inc,2021-06-30,BUY,162222.0,162222.0
1062500,DocuSign Inc,2021-06-30,BUY,162222.0,324444.0
1062500,DocuSign Inc,2022-12-02,SELL,162222.0,162222.0
1062500,DocuSign Inc,2022-12-02,SELL,162222.0,0.0
1045807,Dollar General Corp,2025-03-26,BUY,8.0,8.0
1045807,Dollar General Corp,2025-03-26,BUY,573735.0,573743.0
1045858,Dollar Tree Inc,2024-05-02,BUY,17592.0,17592.0
1045858,Dollar Tree Inc,2025-03-26,BUY,10.0,17602.0
1045858,Dollar Tree Inc,2025-03-26,BUY,699386.0,716988.0
1048754,Doosan Bobcat Inc,2020-03-31,BUY,2584.0,2584.0
1048754,Doosan Bobcat Inc,2021-08-13,SELL,2584.0,0.0
1061600,Doosan Infracore Co Ltd,2020-08-31,BUY,4550.0,4550.0
1061600,Doosan Infracore Co Ltd,2021-09-30,SELL,4550.0,0.0
1045719,Dow Chemical Co/The,2021-06-29,BUY,82614.0,82614.0
1045719,Dow Chemical Co/The,2025-01-21,BUY,72.0,82686.0
1045719,Dow Chemical Co/The,2025-01-21,BUY,514886.0,597572.0
1045719,Dow Chemical Co/The,2025-03-26,SELL,82614.0,514958.0
1045726,Duke Energy Corp,2024-06-03,BUY,54177.0,54177.0
1045726,Duke Energy Corp,2025-03-26,BUY,8.0,54185.0
1045726,Duke Energy Corp,2025-03-26,BUY,519976.0,574161.0
1047000,Duke Realty Corp,2024-05-02,BUY,120344.0,120344.0
1047000,Duke Realty Corp,2025-03-26,SELL,120344.0,0.0
1046629,E-MART LTD,2020-03-31,BUY,481.0,481.0
1046629,E-MART LTD,2021-08-13,SELL,481.0,0.0
1045994,EQT Corp,2024-06-03,BUY,1616781.0,1616781.0
1045994,EQT Corp,2025-03-26,SELL,1616781.0,0.0
1046639,EVERGRANDE REAL ESTATE GROUP LTD.,2017-04-14,BUY,2638831.0,2638831.0
1046639,EVERGRANDE REAL ESTATE GROUP LTD.,2017-05-31,SELL,2638831.0,0.0
1046639,EVERGRANDE REAL ESTATE GROUP LTD.,2019-04-01,BUY,2041566.0,2041566.0
1046639,EVERGRANDE REAL ESTATE GROUP LTD.,2019-09-02,SELL,2041566.0,0.0
1045866,Edwards Lifesciences Corp,2025-03-26,BUY,9.0,9.0
1045866,Edwards Lifesciences Corp,2025-03-26,BUY,645452.0,645461.0
1045850,Electronic Arts Inc,2024-06-03,BUY,44624.0,44624.0
1045850,Electronic Arts Inc,2024-06-03,BUY,44624.0,89248.0
1045850,Electronic Arts Inc,2025-01-21,SELL,44624.0,44624.0
1045850,Electronic Arts Inc,2025-03-26,SELL,44624.0,0.0
1045709,Eli Lilly & Co,2021-06-29,BUY,20950.0,20950.0
1045709,Eli Lilly & Co,2021-06-30,BUY,20950.0,41900.0
1045709,Eli Lilly & Co,2025-01-21,SELL,20950.0,20950.0
1045709,Eli Lilly & Co,2025-03-26,SELL,20950.0,0.0
1045759,Emerson Electric Co,2025-01-21,BUY,26.0,26.0
1045759,Emerson Electric Co,2025-01-21,BUY,185931.0,185957.0
1050438,Entegris Inc,2024-06-03,BUY,172642.0,172642.0
1050438,Entegris Inc,2024-06-03,BUY,172642.0,345284.0
1050438,Entegris Inc,2025-01-21,SELL,172642.0,172642.0
1050438,Entegris Inc,2025-03-26,SELL,172642.0,0.0
1062503,Everbridge Inc,2021-06-30,BUY,35006.0,35006.0
1062503,Everbridge Inc,2021-06-30,BUY,35006.0,70012.0
1062503,Everbridge Inc,2024-06-03,SELL,35006.0,35006.0
1062503,Everbridge Inc,2024-06-03,SELL,35006.0,0.0
1050506,Exelixis Inc,2025-01-21,BUY,33.0,33.0
1050506,Exelixis Inc,2025-01-21,BUY,235989.0,236022.0
1045931,Expedia Inc,2025-03-26,BUY,4.0,4.0
1045931,Expedia Inc,2025-03-26,BUY,286867.0,286871.0
1045971,Extra Space Storage Inc,2024-05-02,BUY,2495545.0,2495545.0
1045971,Extra Space Storage Inc,2025-03-26,SELL,2495545.0,0.0
1009080,Exxon Mobil Corp,2021-06-29,BUY,87489.0,87489.0
1009080,Exxon Mobil Corp,2025-03-26,BUY,6.0,87495.0
1009080,Exxon Mobil Corp,2025-03-26,BUY,344295.0,431790.0
1045667,F5 Networks Inc,2025-03-26,BUY,2.0,2.0
1045667,F5 Networks Inc,2025-03-26,BUY,143434.0,143436.0
1046260,FIRST FINANCIAL HOLDING CO,2019-02-18,BUY,3904142.0,3904142.0
1046398,FIRST PACIFIC CO,2024-05-01,BUY,11837460.0,11837460.0
1046398,FIRST PACIFIC CO,2024-05-01,BUY,68379382.0,80216842.0
1046398,FIRST PACIFIC CO,2024-05-01,SELL,68379382.0,11837460.0
1046398,FIRST PACIFIC CO,2024-05-01,BUY,4823796.0,16661256.0
1046398,FIRST PACIFIC CO,2024-05-01,SELL,68379382.0,-51718126.0
1046398,FIRST PACIFIC CO,2024-05-01,BUY,4823796.482,-46894329.518
1046398,FIRST PACIFIC CO,2024-05-01,BUY,68379382.0,21485052.482
1046398,FIRST PACIFIC CO,2025-01-20,SELL,4823796.0,16661256.482
1046398,FIRST PACIFIC CO,2025-01-20,SELL,4823796.0,11837460.482
1046398,FIRST PACIFIC CO,2025-01-20,SELL,11837460.0,0.4820000007748604
1046180,FORMOSA CHEMICALS & FIBRE,2023-04-01,BUY,860567.0,860567.0
1046180,FORMOSA CHEMICALS & FIBRE,2023-04-01,BUY,2109693.0,2970260.0
1046180,FORMOSA CHEMICALS & FIBRE,2025-01-20,SELL,860567.0,2109693.0
1046180,FORMOSA CHEMICALS & FIBRE,2025-01-20,SELL,2109693.0,0.0
1046174,FORMOSA PLASTICS CORP,2025-01-20,BUY,3202782.0,3202782.0
1046174,FORMOSA PLASTICS CORP,2025-01-20,BUY,1326760.0,4529542.0
1046174,FORMOSA PLASTICS CORP,2025-01-20,BUY,2000.0,4531542.0
1046192,FUBON FINANCIAL HOLDING CO,2018-04-16,BUY,1907558.0,1907558.0
1046192,FUBON FINANCIAL HOLDING CO,2021-11-15,SELL,1907558.0,0.0
1050440,Fair Isaac Corp,2021-06-29,BUY,9080.0,9080.0
1050440,Fair Isaac Corp,2021-06-30,BUY,9080.0,18160.0
1050440,Fair Isaac Corp,2022-07-15,SELL,9080.0,9080.0
1050440,Fair Isaac Corp,2022-07-15,SELL,9080.0,0.0
1046419,Fang Holdings Ltd,2018-02-28,SELL,342282.0,-342282.0
1046419,Fang Holdings Ltd,2025-02-20,BUY,342282.0,0.0
1045743,FedEx Corp,2021-06-29,BUY,168446.0,168446.0
1045743,FedEx Corp,2024-06-03,SELL,168446.0,0.0
1062044,Federated Hermes Inc,2021-06-30,BUY,155799.0,155799.0
1062044,Federated Hermes Inc,2025-03-26,SELL,155799.0,0.0
1050442,FireEye Inc,2024-05-02,BUY,1483352.0,1483352.0
1050442,FireEye Inc,2024-05-02,BUY,1483352.0,2966704.0
1050442,FireEye Inc,2025-01-21,SELL,1483352.0,1483352.0
1050442,FireEye Inc,2025-03-26,SELL,1483352.0,0.0
1045899,FirstEnergy Corp,2021-06-29,BUY,127624.0,127624.0
1045899,FirstEnergy Corp,2023-01-04,SELL,127624.0,0.0
1046045,Fluor Corp,2025-03-26,BUY,17.0,17.0
1046045,Fluor Corp,2025-03-26,BUY,1219187.0,1219204.0
1061698,Foosung Co Ltd,2021-12-01,BUY,61730.0,61730.0
1061698,Foosung Co Ltd,2022-09-29,SELL,61730.0,0.0
1050443,Fortinet Inc,2022-07-15,BUY,502125.0,502125.0
1050443,Fortinet Inc,2022-07-15,BUY,502125.0,1004250.0
1050443,Fortinet Inc,2025-01-21,BUY,19.0,1004269.0
1050443,Fortinet Inc,2025-01-21,SELL,374535.0,629734.0
1050443,Fortinet Inc,2025-03-26,SELL,502125.0,127609.0
1046080,Frontier Communications Corporation,2025-03-26,BUY,20.0,20.0
1046080,Frontier Communications Corporation,2025-03-26,BUY,1434337.0,1434357.0
1046609,GEELY AUTOMOBILE HOLDINGS LTD,2017-02-28,BUY,1660351.0,1660351.0
1046609,GEELY AUTOMOBILE HOLDINGS LTD,2017-06-16,SELL,1660351.0,0.0
1046467,GS ENGINEERING & CONSTRUCT,2021-04-01,BUY,1573.0,1573.0
1046467,GS ENGINEERING & CONSTRUCT,2021-11-15,SELL,1573.0,0.0
1046467,GS ENGINEERING & CONSTRUCT,2022-02-14,BUY,1550.0,1550.0
1046467,GS ENGINEERING & CONSTRUCT,2022-04-29,SELL,1550.0,0.0
1046467,GS ENGINEERING & CONSTRUCT,2025-03-21,BUY,31911.0,31911.0
1046467,GS ENGINEERING & CONSTRUCT,2025-03-24,BUY,79.0,31990.0
1046474,GS RETAIL CO LTD,2020-10-30,BUY,1378.0,1378.0
1046474,GS RETAIL CO LTD,2024-02-01,SELL,1378.0,0.0
1046453,GUANGZHOU R&F PROPERTIES - H,2017-02-28,BUY,1592147.0,1592147.0
1046453,GUANGZHOU R&F PROPERTIES - H,2017-04-14,SELL,1592147.0,0.0
1046453,GUANGZHOU R&F PROPERTIES - H,2019-12-02,BUY,2986340.0,2986340.0
1046453,GUANGZHOU R&F PROPERTIES - H,2020-07-15,SELL,2986340.0,0.0
1046453,GUANGZHOU R&F PROPERTIES - H,2021-07-16,BUY,2738713.0,2738713.0
1046453,GUANGZHOU R&F PROPERTIES - H,2022-01-28,SELL,2738713.0,0.0
1046097,Garmin Ltd,2025-03-26,BUY,3.0,3.0
1046097,Garmin Ltd,2025-03-26,BUY,215151.0,215154.0
1009084,General Electric Co,2021-06-29,BUY,196712.0,196712.0
1009084,General Electric Co,2025-03-26,SELL,196712.0,0.0
1045688,Gilead Sciences Inc,2021-06-29,BUY,72782.0,72782.0
1045688,Gilead Sciences Inc,2021-06-30,BUY,72782.0,145564.0
1045688,Gilead Sciences Inc,2022-10-18,SELL,72782.0,72782.0
1045688,Gilead Sciences Inc,2022-10-18,SELL,72782.0,0.0
1045715,Goldman Sachs Group Inc/The,2025-03-26,BUY,1.0,1.0
1045715,Goldman Sachs Group Inc/The,2025-03-26,BUY,71717.0,71718.0
1046028,Goodyear Tire & Rubber Co/The,2021-06-29,BUY,322147.0,322147.0
1046028,Goodyear Tire & Rubber Co/The,2025-03-26,SELL,322147.0,0.0
1061631,Grand Korea Leisure Co Ltd,2021-07-16,BUY,4526.0,4526.0
1061631,Grand Korea Leisure Co Ltd,2021-12-01,SELL,4526.0,0.0
1061631,Grand Korea Leisure Co Ltd,2023-01-04,BUY,3267.0,3267.0
1061631,Grand Korea Leisure Co Ltd,2023-04-01,SELL,3267.0,0.0
1061631,Grand Korea Leisure Co Ltd,2023-09-19,BUY,5022.0,5022.0
1061631,Grand Korea Leisure Co Ltd,2023-12-15,SELL,5022.0,0.0
1061631,Grand Korea Leisure Co Ltd,2024-04-14,BUY,20900.0,20900.0
1061631,Grand Korea Leisure Co Ltd,2025-03-21,SELL,20900.0,0.0
1061629,Green Cross Holdings Corp,2021-07-16,BUY,37410.0,37410.0
1061629,Green Cross Holdings Corp,2025-03-21,SELL,37410.0,0.0
1046638,Guangzhou Automobile Group Co Ltd,2021-12-31,BUY,3223338.0,3223338.0
1046638,Guangzhou Automobile Group Co Ltd,2023-03-31,SELL,3223338.0,0.0
1046638,Guangzhou Automobile Group Co Ltd,2023-04-01,BUY,3223338.0,3223338.0
1046638,Guangzhou Automobile Group Co Ltd,2023-04-01,BUY,3223338.0,6446676.0
1046638,Guangzhou Automobile Group Co Ltd,2023-04-01,BUY,7902063.0,14348739.0
1046638,Guangzhou Automobile Group Co Ltd,2025-01-20,SELL,3223338.0,11125401.0
1046638,Guangzhou Automobile Group Co Ltd,2025-01-20,SELL,3223338.0,7902063.0
1046638,Guangzhou Automobile Group Co Ltd,2025-01-20,SELL,7902063.0,0.0
1046261,HAITONG SECURITIES CO LTD-H,2017-02-28,BUY,987494.0,987494.0
1046261,HAITONG SECURITIES CO LTD-H,2017-05-02,SELL,987494.0,0.0
1046231,HANA FINANCIAL GROUP,2025-03-21,BUY,23.0,23.0
1046231,HANA FINANCIAL GROUP,2025-03-21,BUY,9291.0,9314.0
1046277,HANG LUNG PROPERTIES LTD,2020-04-01,BUY,1111767.0,1111767.0
1046277,HANG LUNG PROPERTIES LTD,2020-08-31,SELL,1111767.0,0.0
1046277,HANG LUNG PROPERTIES LTD,2022-03-01,BUY,3172330.0,3172330.0
1046277,HANG LUNG PROPERTIES LTD,2022-08-15,SELL,3172330.0,0.0
1046217,HANKOOK TIRE CO LTD,2020-03-31,BUY,2645.0,2645.0
1046217,HANKOOK TIRE CO LTD,2020-10-15,SELL,2645.0,0.0
1046620,HANMI PHARMACEUTICAL CO. LTD.,2020-03-31,BUY,188.0,188.0
1046620,HANMI PHARMACEUTICAL CO. LTD.,2021-02-15,SELL,188.0,0.0
1046740,HANON SYSTEMS,2020-03-31,BUY,5456.0,5456.0
1046740,HANON SYSTEMS,2021-02-15,SELL,5456.0,0.0
1046644,HANSSEM CO LTD,2025-03-21,BUY,33.0,33.0
1046644,HANSSEM CO LTD,2025-03-21,BUY,13330.0,13363.0
1046409,HANWHA CORPORATION,2020-10-05,BUY,3454.0,3454.0
1046409,HANWHA CORPORATION,2024-05-02,SELL,3454.0,0.0
1045821,HCA Healthcare Inc,2025-03-26,BUY,2.0,2.0
1045821,HCA Healthcare Inc,2025-03-26,BUY,143434.0,143436.0
1100723,"HD Hyundai Heavy Industries Co.,Ltd.",2025-05-23,BUY,404.0,404.0
1046202,HENDERSON LAND DEVELOPMENT,2022-06-30,BUY,2871536.0,2871536.0
1046202,HENDERSON LAND DEVELOPMENT,2022-12-26,SELL,2871536.0,0.0
1046130,HON HAI PRECISION INDUSTRY LTD,2018-09-17,BUY,707801.0,707801.0
1046130,HON HAI PRECISION INDUSTRY LTD,2019-07-16,BUY,1597638.0,2305439.0
1046130,HON HAI PRECISION INDUSTRY LTD,2019-09-02,BUY,1034276.0,3339715.0
1046130,HON HAI PRECISION INDUSTRY LTD,2021-06-30,SELL,1597638.0,1742077.0
1046130,HON HAI PRECISION INDUSTRY LTD,2021-09-01,BUY,1000402.0,2742479.0
1046130,HON HAI PRECISION INDUSTRY LTD,2023-04-01,BUY,1000402.0,3742881.0
1046130,HON HAI PRECISION INDUSTRY LTD,2023-04-01,BUY,417823.0,4160704.0
1046130,HON HAI PRECISION INDUSTRY LTD,2023-05-31,SELL,2452501.0,1708203.0
1046130,HON HAI PRECISION INDUSTRY LTD,2023-05-31,SELL,1000402.0,707801.0
1046130,HON HAI PRECISION INDUSTRY LTD,2024-01-15,BUY,15456130.0,16163931.0
1046130,HON HAI PRECISION INDUSTRY LTD,2024-01-15,BUY,6298414.0,22462345.0
1046130,HON HAI PRECISION INDUSTRY LTD,2024-05-01,SELL,15456130.0,7006215.0
1046130,HON HAI PRECISION INDUSTRY LTD,2024-05-01,SELL,6298414.0,707801.0
1046749,HOTEL SHILLA CO LTDINARY SHARES KO,2021-04-01,BUY,598.0,598.0
1046749,HOTEL SHILLA CO LTDINARY SHARES KO,2024-05-01,SELL,598.0,0.0
1046749,HOTEL SHILLA CO LTDINARY SHARES KO,2025-03-21,BUY,38.0,38.0
1046749,HOTEL SHILLA CO LTDINARY SHARES KO,2025-03-21,BUY,15350.0,15388.0
1045672,HP Inc,2022-07-15,BUY,117927.0,117927.0
1045672,HP Inc,2022-07-15,BUY,117927.0,235854.0
1045672,HP Inc,2025-01-21,SELL,117927.0,117927.0
1045672,HP Inc,2025-03-26,SELL,117927.0,0.0
1009169,HSBC Holdings PLC,2017-02-28,BUY,258190.0,258190.0
1009169,HSBC Holdings PLC,2023-03-31,SELL,258190.0,0.0
1009169,HSBC Holdings PLC,2023-04-01,BUY,258190.0,258190.0
1009169,HSBC Holdings PLC,2023-04-01,BUY,258190.0,516380.0
1009169,HSBC Holdings PLC,2023-04-01,BUY,632957.0,1149337.0
1009169,HSBC Holdings PLC,2024-05-01,SELL,258190.0,891147.0
1009169,HSBC Holdings PLC,2024-05-01,SELL,632957.0,258190.0
1009169,HSBC Holdings PLC,2024-05-01,SELL,258190.0,0.0
1009169,HSBC Holdings PLC,2025-01-20,BUY,265352.0,265352.0
1009169,HSBC Holdings PLC,2025-01-20,BUY,640556.0,905908.0
1009169,HSBC Holdings PLC,2025-01-20,BUY,265352.0,1171260.0
1009169,HSBC Holdings PLC,2025-01-20,BUY,400.0,1171660.0
1046618,HUATAI SECURITIES LTD H,2024-05-01,BUY,3297527.0,3297527.0
1046618,HUATAI SECURITIES LTD H,2024-05-01,BUY,1343751.0,4641278.0
1046618,HUATAI SECURITIES LTD H,2024-05-01,BUY,1343751.0,5985029.0
1046618,HUATAI SECURITIES LTD H,2025-01-20,SELL,118271.0,5866758.0
1046618,HUATAI SECURITIES LTD H,2025-01-20,SELL,337978.0,5528780.0
1046618,HUATAI SECURITIES LTD H,2025-01-20,SELL,118271.0,5410509.0
1046618,HUATAI SECURITIES LTD H,2025-01-20,BUY,18000.0,5428509.0
1046632,HYUNDAI GLOVIS LTD,2020-03-31,BUY,553.0,553.0
1046632,HYUNDAI GLOVIS LTD,2020-11-30,SELL,553.0,0.0
1046632,HYUNDAI GLOVIS LTD,2021-08-13,BUY,909.0,909.0
1046632,HYUNDAI GLOVIS LTD,2025-03-21,SELL,909.0,0.0
1046722,HYUNDAI MARINE & FIRE INSURANCE LT,2021-05-17,BUY,4121.0,4121.0
1046722,HYUNDAI MARINE & FIRE INSURANCE LT,2021-11-01,SELL,4121.0,0.0
1046141,HYUNDAI MOTOR,2020-03-31,BUY,561.0,561.0
1046141,HYUNDAI MOTOR,2020-08-31,SELL,561.0,0.0
1046141,HYUNDAI MOTOR,2022-08-16,BUY,348.0,348.0
1046141,HYUNDAI MOTOR,2023-12-02,SELL,348.0,0.0
1046141,HYUNDAI MOTOR,2024-04-14,BUY,279.0,279.0
1046141,HYUNDAI MOTOR,2025-03-21,BUY,2559.0,2838.0
1046141,HYUNDAI MOTOR,2025-03-24,BUY,7.0,2845.0
1046602,HYUNDAI STEEL,2021-11-01,BUY,1414.0,1414.0
1046602,HYUNDAI STEEL,2025-03-21,BUY,57.0,1471.0
1046602,HYUNDAI STEEL,2025-03-21,BUY,21613.0,23084.0
1061708,Hankook Tire Worldwide Co Ltd,2020-12-30,BUY,5219.0,5219.0
1061708,Hankook Tire Worldwide Co Ltd,2022-08-16,SELL,5219.0,0.0
1046238,Hewlett Packard Enterprise Co,2021-06-29,BUY,356383.0,356383.0
1046238,Hewlett Packard Enterprise Co,2021-06-30,BUY,356383.0,712766.0
1046238,Hewlett Packard Enterprise Co,2025-01-21,SELL,356383.0,356383.0
1046238,Hewlett Packard Enterprise Co,2025-03-26,BUY,38.0,356421.0
1046238,Hewlett Packard Enterprise Co,2025-03-26,BUY,2368210.0,2724631.0
1045684,Home Depot Inc/The,2021-06-29,BUY,15295.0,15295.0
1045684,Home Depot Inc/The,2024-06-03,SELL,15295.0,0.0
1045701,Honeywell International Inc,2021-06-29,BUY,21468.0,21468.0
1045701,Honeywell International Inc,2025-01-20,BUY,107268.0,128736.0
1045701,Honeywell International Inc,2025-01-21,BUY,15.0,128751.0
1045701,Honeywell International Inc,2025-03-26,SELL,21468.0,107283.0
1050532,Horizon Pharma Plc,2021-06-30,BUY,499295.0,499295.0
1050532,Horizon Pharma Plc,2025-03-26,SELL,499295.0,0.0
1046044,Huntington Bancshares Inc/OH,2021-06-29,BUY,363381.0,363381.0
1046044,Huntington Bancshares Inc/OH,2025-03-26,SELL,363381.0,0.0
1061591,Hyundai Elevator Co Ltd,2020-03-31,BUY,872.0,872.0
1061591,Hyundai Elevator Co Ltd,2020-08-31,SELL,872.0,0.0
1061591,Hyundai Elevator Co Ltd,2021-08-13,BUY,2175.0,2175.0
1061591,Hyundai Elevator Co Ltd,2022-04-14,SELL,2175.0,0.0
1061574,Hyundai Heavy Industries Holdings Co Ltd,2020-03-31,BUY,265.0,265.0
1061574,Hyundai Heavy Industries Holdings Co Ltd,2025-03-21,SELL,1325.0,-1060.0
1061574,Hyundai Heavy Industries Holdings Co Ltd,2025-05-23,BUY,3229.0,2169.0
1050446,IAC/InterActiveCorp,2022-07-15,BUY,54486.0,54486.0
1050446,IAC/InterActiveCorp,2022-07-15,BUY,54486.0,108972.0
1050446,IAC/InterActiveCorp,2024-06-03,SELL,54486.0,54486.0
1050446,IAC/InterActiveCorp,2024-06-03,SELL,54486.0,0.0
1046318,INDUSTRIAL BANK OF KOREA,2025-03-21,BUY,37566.0,37566.0
1046318,INDUSTRIAL BANK OF KOREA,2025-03-24,BUY,93.0,37659.0
1046679,INNOLUX CORP,2017-02-28,BUY,4567704.0,4567704.0
1046679,INNOLUX CORP,2017-04-14,SELL,4567704.0,0.0
1046679,INNOLUX CORP,2021-06-30,BUY,9347188.0,9347188.0
1046679,INNOLUX CORP,2021-11-01,SELL,9347188.0,0.0
1046679,INNOLUX CORP,2023-05-31,BUY,122768098.0,122768098.0
1046679,INNOLUX CORP,2023-05-31,BUY,50028325.0,172796423.0
1046679,INNOLUX CORP,2023-12-01,SELL,50028325.0,122768098.0
1046679,INNOLUX CORP,2023-12-01,SELL,122768098.0,0.0
1046679,INNOLUX CORP,2024-04-30,SELL,158230600.0,-158230600.0
1046679,INNOLUX CORP,2024-04-30,BUY,23319387.47,-134911212.53
1046679,INNOLUX CORP,2024-05-01,BUY,57225119.0,-77686093.53
1046679,INNOLUX CORP,2024-05-01,BUY,158230600.0,80544506.47
1046679,INNOLUX CORP,2025-01-20,SELL,23319387.0,57225119.47
1046679,INNOLUX CORP,2025-01-20,SELL,57225119.0,0.4699999988079071
1061619,Iljin Materials Co Ltd,2020-08-31,BUY,17231.0,17231.0
1061619,Iljin Materials Co Ltd,2021-09-16,SELL,17231.0,0.0
1045824,Illumina Inc,2025-01-20,BUY,71512.0,71512.0
1045824,Illumina Inc,2025-01-21,BUY,10.0,71522.0
1045824,Illumina Inc,2025-05-23,SELL,70590.0,932.0
1045824,Illumina Inc,2025-05-23,SELL,10.0,922.0
1009162,Industrial and Commercial Bank of China Limited,2017-09-01,BUY,4534268.0,4534268.0
1009162,Industrial and Commercial Bank of China Limited,2020-02-04,BUY,2624981.0,7159249.0
1009162,Industrial and Commercial Bank of China Limited,2021-09-30,BUY,1974854.0,9134103.0
1009162,Industrial and Commercial Bank of China Limited,2022-12-26,SELL,4534268.0,4599835.0
1009162,Industrial and Commercial Bank of China Limited,2022-12-27,SELL,2624981.0,1974854.0
1009162,Industrial and Commercial Bank of China Limited,2022-12-27,SELL,1974854.0,0.0
1009162,Industrial and Commercial Bank of China Limited,2025-01-20,BUY,2653520.0,2653520.0
1009162,Industrial and Commercial Bank of China Limited,2025-01-20,BUY,6405564.0,9059084.0
1009162,Industrial and Commercial Bank of China Limited,2025-01-20,BUY,2653520.0,11712604.0
1009162,Industrial and Commercial Bank of China Limited,2025-01-20,BUY,4000.0,11716604.0
1045666,Intel Corp,2021-06-29,BUY,89286.0,89286.0
1045666,Intel Corp,2021-06-30,BUY,89286.0,178572.0
1045666,Intel Corp,2024-05-02,SELL,89286.0,89286.0
1045666,Intel Corp,2024-05-02,SELL,89286.0,0.0
1045666,Intel Corp,2025-03-26,BUY,33.0,33.0
1045666,Intel Corp,2025-03-26,BUY,2366657.0,2366690.0
1045666,Intel Corp,2025-05-23,BUY,480012.0,2846702.0
1045666,Intel Corp,2025-05-23,BUY,68.0,2846770.0
1009083,International Business Machines Corp,2021-06-29,BUY,35509.0,35509.0
1009083,International Business Machines Corp,2021-06-30,BUY,35509.0,71018.0
1009083,International Business Machines Corp,2021-07-15,SELL,35509.0,35509.0
1009083,International Business Machines Corp,2022-07-15,SELL,35509.0,0.0
1009083,International Business Machines Corp,2024-06-03,BUY,27059.0,27059.0
1009083,International Business Machines Corp,2024-06-03,BUY,27059.0,54118.0
1009083,International Business Machines Corp,2025-01-21,SELL,27059.0,27059.0
1009083,International Business Machines Corp,2025-03-26,SELL,27059.0,0.0
1046030,Interpublic Group of Cos Inc/The,2021-06-29,BUY,146481.0,146481.0
1046030,Interpublic Group of Cos Inc/The,2021-06-30,BUY,146481.0,292962.0
1046030,Interpublic Group of Cos Inc/The,2025-01-21,SELL,146481.0,146481.0
1046030,Interpublic Group of Cos Inc/The,2025-03-26,SELL,146481.0,0.0
1045796,Intuit Inc,2025-03-26,BUY,1.0,1.0
1045796,Intuit Inc,2025-03-26,BUY,71717.0,71718.0
1045836,Intuitive Surgical Inc,2025-01-20,BUY,28605.0,28605.0
1045836,Intuitive Surgical Inc,2025-01-21,BUY,4.0,28609.0
1045836,Intuitive Surgical Inc,2025-03-26,BUY,1.0,28610.0
1045836,Intuitive Surgical Inc,2025-03-26,BUY,71717.0,100327.0
1046075,Iron Mountain Inc,2021-06-29,BUY,1146500.0,1146500.0
1046075,Iron Mountain Inc,2024-05-02,SELL,1146500.0,0.0
1046146,JD.COM ADR REPRESENTING INC CLASS,2017-06-16,BUY,79311.0,79311.0
1046146,JD.COM ADR REPRESENTING INC CLASS,2018-04-02,SELL,79311.0,0.0
1046146,JD.COM ADR REPRESENTING INC CLASS,2020-03-02,BUY,47381.0,47381.0
1046146,JD.COM ADR REPRESENTING INC CLASS,2021-11-15,SELL,47381.0,0.0
1101489,"JD.com, Inc.",2025-01-20,BUY,132676.0,132676.0
1101489,"JD.com, Inc.",2025-01-20,BUY,320278.0,452954.0
1101489,"JD.com, Inc.",2025-01-20,BUY,132676.0,585630.0
1101489,"JD.com, Inc.",2025-01-20,BUY,200.0,585830.0
1009096,JPMorgan Chase & Co,2025-03-26,BUY,2.0,2.0
1009096,JPMorgan Chase & Co,2025-03-26,BUY,143434.0,143436.0
1061663,JW Pharmaceutical Corp,2025-03-21,BUY,27872.0,27872.0
1061663,JW Pharmaceutical Corp,2025-03-24,BUY,69.0,27941.0
1046319,KAKAO CORP,2020-03-31,BUY,3061.0,3061.0
1046319,KAKAO CORP,2020-05-29,SELL,3061.0,0.0
1046319,KAKAO CORP,2021-02-01,BUY,2186.0,2186.0
1046319,KAKAO CORP,2025-03-21,BUY,42.0,2228.0
1046319,KAKAO CORP,2025-03-21,BUY,5844.0,8072.0
1046166,KB FINANCIAL GROUP INC,2021-04-30,BUY,1590.0,1590.0
1046166,KB FINANCIAL GROUP INC,2021-11-15,SELL,1590.0,0.0
1046166,KB FINANCIAL GROUP INC,2025-03-21,BUY,17.0,17.0
1046166,KB FINANCIAL GROUP INC,2025-03-21,BUY,6867.0,6884.0
1061761,KEPCO Engineering & Construction Co Inc,2021-04-30,BUY,13831.0,13831.0
1061761,KEPCO Engineering & Construction Co Inc,2021-06-30,SELL,13831.0,0.0
1061761,KEPCO Engineering & Construction Co Inc,2021-11-15,BUY,6126.0,6126.0
1061761,KEPCO Engineering & Construction Co Inc,2022-02-14,SELL,6126.0,0.0
1046173,KIA MOTORS CORP,2020-10-15,BUY,1825.0,1825.0
1046173,KIA MOTORS CORP,2021-09-01,SELL,1825.0,0.0
1046173,KIA MOTORS CORP,2022-08-16,BUY,1732.0,1732.0
1046173,KIA MOTORS CORP,2025-03-21,BUY,16.0,1748.0
1046173,KIA MOTORS CORP,2025-03-21,BUY,4744.0,6492.0
1046481,KINGSOFT CORP LTD,2017-02-28,BUY,1276362.0,1276362.0
1046481,KINGSOFT CORP LTD,2017-03-31,SELL,1276362.0,0.0
1046481,KINGSOFT CORP LTD,2020-04-30,BUY,341290.0,341290.0
1046481,KINGSOFT CORP LTD,2023-03-31,SELL,341290.0,0.0
1046481,KINGSOFT CORP LTD,2025-01-20,BUY,398028.0,398028.0
1046481,KINGSOFT CORP LTD,2025-01-20,BUY,960835.0,1358863.0
1046481,KINGSOFT CORP LTD,2025-01-20,BUY,398028.0,1756891.0
1046481,KINGSOFT CORP LTD,2025-01-20,BUY,600.0,1757491.0
1046214,KOREA AEROSPACE INDUSTRIES,2021-09-30,BUY,1319.0,1319.0
1046214,KOREA AEROSPACE INDUSTRIES,2025-03-21,SELL,1319.0,0.0
1046153,KOREA ELECTRIC POWER CORP,2025-03-21,BUY,12.0,12.0
1046153,KOREA ELECTRIC POWER CORP,2025-03-21,BUY,6059.0,6071.0
1046153,KOREA ELECTRIC POWER CORP,2025-03-24,BUY,3.0,6074.0
1046411,KOREA INVESTMENT HOLDINGS CO,2020-07-01,BUY,1017.0,1017.0
1046411,KOREA INVESTMENT HOLDINGS CO,2021-06-30,SELL,1017.0,0.0
1046309,KOREA ZINC CO LTD,2020-03-31,BUY,145.0,145.0
1046309,KOREA ZINC CO LTD,2020-12-15,SELL,145.0,0.0
1046520,KT CORP,2021-04-01,BUY,2820.0,2820.0
1046520,KT CORP,2025-03-21,SELL,2820.0,0.0
1046157,KT&G CORP,2021-04-30,BUY,891.0,891.0
1046157,KT&G CORP,2021-07-16,SELL,891.0,0.0
1046157,KT&G CORP,2021-12-01,BUY,649.0,649.0
1046157,KT&G CORP,2023-01-04,SELL,649.0,0.0
1046157,KT&G CORP,2023-03-31,BUY,835.0,835.0
1046157,KT&G CORP,2023-09-19,SELL,835.0,0.0
1046157,KT&G CORP,2023-12-15,BUY,1193.0,1193.0
1046157,KT&G CORP,2024-04-14,SELL,1193.0,0.0
1046540,KUMHO PETROCHEMICAL CO LTD,2020-03-31,BUY,776.0,776.0
1046540,KUMHO PETROCHEMICAL CO LTD,2020-10-05,SELL,776.0,0.0
1046012,KeyCorp,2021-06-29,BUY,262973.0,262973.0
1046012,KeyCorp,2024-05-02,SELL,262973.0,0.0
1045733,Kimberly-Clark Corp,2025-05-12,BUY,1.0,1.0
1045733,Kimberly-Clark Corp,2025-05-12,BUY,3.0,4.0
1045733,Kimberly-Clark Corp,2025-05-13,BUY,3054.0,3058.0
1045733,Kimberly-Clark Corp,2025-05-13,BUY,1000.0,4058.0
1046025,Kohl's Corp,2022-07-15,BUY,118125.0,118125.0
1046025,Kohl's Corp,2025-03-26,SELL,118125.0,0.0
1061606,Kolmar Korea Co Ltd,2021-07-16,BUY,9379.0,9379.0
1061606,Kolmar Korea Co Ltd,2021-12-15,SELL,9379.0,0.0
1061975,Korea Electric Terminal Co. Ltd.,2024-05-01,BUY,6407.0,6407.0
1061975,Korea Electric Terminal Co. Ltd.,2025-03-21,SELL,6407.0,0.0
1061684,Kumho Tire Co Inc,2023-12-02,BUY,15947.0,15947.0
1061684,Kumho Tire Co Inc,2025-03-21,SELL,15947.0,0.0
1046631,Kunlun Energy Co Ltd,2017-09-01,BUY,1858043.0,1858043.0
1046631,Kunlun Energy Co Ltd,2018-04-16,SELL,1858043.0,0.0
1046169,LARGAN PRECISION LTD,2017-07-31,BUY,12228.0,12228.0
1046169,LARGAN PRECISION LTD,2017-11-17,BUY,11838.0,24066.0
1046169,LARGAN PRECISION LTD,2017-11-17,BUY,10470.0,34536.0
1046169,LARGAN PRECISION LTD,2018-01-02,SELL,12228.0,22308.0
1046169,LARGAN PRECISION LTD,2023-03-31,SELL,22308.0,0.0
1046285,LENOVO GROUP LTD,2018-11-01,BUY,5818798.0,5818798.0
1046285,LENOVO GROUP LTD,2023-03-31,SELL,5818798.0,0.0
1046285,LENOVO GROUP LTD,2025-05-23,BUY,3677601.0,3677601.0
1046285,LENOVO GROUP LTD,2025-05-23,BUY,2270146.13,5947747.13
1046285,LENOVO GROUP LTD,2025-05-23,BUY,6000.0,5953747.13
1046251,LG CORP,2020-03-31,BUY,818.0,818.0
1046251,LG CORP,2021-04-30,SELL,818.0,0.0
1046267,LG DISPLAY CO LTD,2020-03-31,BUY,4547.0,4547.0
1046267,LG DISPLAY CO LTD,2021-11-01,SELL,4547.0,0.0
1046267,LG DISPLAY CO LTD,2022-09-29,BUY,61777.0,61777.0
1046267,LG DISPLAY CO LTD,2025-03-21,BUY,174.0,61951.0
1046267,LG DISPLAY CO LTD,2025-03-21,BUY,8508.0,70459.0
1046257,LG ELECTRONICS INC,2021-02-15,BUY,4455.0,4455.0
1046257,LG ELECTRONICS INC,2021-04-30,BUY,655.0,5110.0
1046257,LG ELECTRONICS INC,2024-05-01,SELL,4455.0,655.0
1046257,LG ELECTRONICS INC,2025-03-21,BUY,19.0,674.0
1046257,LG ELECTRONICS INC,2025-03-21,BUY,7420.0,8094.0
1046257,LG ELECTRONICS INC,2025-03-24,BUY,1.0,8095.0
1046183,LG HOUSEHOLD & HEALTH CARE,2021-02-15,BUY,381.0,381.0
1046183,LG HOUSEHOLD & HEALTH CARE,2021-04-30,SELL,381.0,0.0
1046524,LG INNOTEK CO LTD,2021-02-01,BUY,4696.0,4696.0
1046524,LG INNOTEK CO LTD,2021-12-01,SELL,4696.0,0.0
1061662,LG International Corp,2021-06-30,BUY,22296.0,22296.0
1061662,LG International Corp,2021-11-15,SELL,22296.0,0.0
1046737,LG UPLUS CORP,2025-03-21,BUY,128.0,128.0
1046737,LG UPLUS CORP,2025-03-21,BUY,51704.0,51832.0
1061740,LIG Nex1 Co Ltd,2022-04-14,BUY,1092.0,1092.0
1061740,LIG Nex1 Co Ltd,2025-03-21,SELL,1092.0,0.0
1046129,LINK REAL ESTATE INVESTMENT TRUST,2017-03-31,BUY,385954.0,385954.0
1046129,LINK REAL ESTATE INVESTMENT TRUST,2023-03-31,SELL,385954.0,0.0
1046601,LITE-ON TECHNOLOGY CORP.,2017-02-28,BUY,1440061.0,1440061.0
1046601,LITE-ON TECHNOLOGY CORP.,2017-06-16,BUY,1628280.0,3068341.0
1046601,LITE-ON TECHNOLOGY CORP.,2017-11-17,SELL,1440061.0,1628280.0
1046601,LITE-ON TECHNOLOGY CORP.,2023-03-31,SELL,1628280.0,0.0
1046538,LOTTE CONFECTIONERY CO LTD,2024-02-01,BUY,3659.0,3659.0
1046538,LOTTE CONFECTIONERY CO LTD,2025-03-21,SELL,3659.0,0.0
1061621,LOTTE Fine Chemical Co Ltd,2025-05-07,BUY,40.0,40.0
1061621,LOTTE Fine Chemical Co Ltd,2025-05-12,BUY,40.0,80.0
1061621,LOTTE Fine Chemical Co Ltd,2025-05-23,BUY,16144.0,16224.0
1046695,LOTTE SHOPPING LTD,2024-05-01,BUY,491.0,491.0
1046695,LOTTE SHOPPING LTD,2025-03-21,BUY,25.0,516.0
1046695,LOTTE SHOPPING LTD,2025-03-21,BUY,9609.0,10125.0
1050525,Ligand Pharmaceuticals Inc,2025-01-20,BUY,28605.0,28605.0
1050525,Ligand Pharmaceuticals Inc,2025-01-21,BUY,4.0,28609.0
1045717,Lockheed Martin Corp,2025-01-20,BUY,50058.0,50058.0
1045717,Lockheed Martin Corp,2025-01-21,BUY,7.0,50065.0
1062506,Lyft Inc,2023-01-04,BUY,290604.0,290604.0
1062506,Lyft Inc,2023-01-04,BUY,290604.0,581208.0
1062506,Lyft Inc,2025-01-21,SELL,290604.0,290604.0
1062506,Lyft Inc,2025-03-26,SELL,290604.0,0.0
1045872,M&T Bank Corp,2021-06-29,BUY,38735.0,38735.0
1045872,M&T Bank Corp,2025-03-26,SELL,38735.0,0.0
1050513,MEDNAX Inc,2023-03-01,BUY,2669572.0,2669572.0
1050513,MEDNAX Inc,2023-03-01,BUY,2669572.0,5339144.0
1050513,MEDNAX Inc,2024-06-03,SELL,2669572.0,2669572.0
1050513,MEDNAX Inc,2024-06-03,SELL,2669572.0,0.0
1046201,MTR CORP,2020-01-02,BUY,232645.0,232645.0
1046201,MTR CORP,2023-04-01,BUY,232645.0,465290.0
1046201,MTR CORP,2023-04-01,BUY,232645.0,697935.0
1046201,MTR CORP,2023-04-01,BUY,337688.0,1035623.0
1046201,MTR CORP,2025-01-20,BUY,101528.0,1137151.0
1046201,MTR CORP,2025-01-20,BUY,236450.0,1373601.0
1046201,MTR CORP,2025-01-20,BUY,101528.0,1475129.0
1046201,MTR CORP,2025-01-20,BUY,500.0,1475629.0
1061601,Mando Corp,2021-09-01,BUY,2562.0,2562.0
1061601,Mando Corp,2022-08-16,SELL,2562.0,0.0
1050452,Manhattan Associates Inc,2021-06-29,BUY,34136.0,34136.0
1050452,Manhattan Associates Inc,2021-06-30,BUY,34136.0,68272.0
1050452,Manhattan Associates Inc,2025-01-21,SELL,34136.0,34136.0
1050452,Manhattan Associates Inc,2025-03-26,SELL,34136.0,0.0
1062571,Manitex International Inc,2021-06-30,BUY,674291.0,674291.0
1062571,Manitex International Inc,2025-03-26,SELL,674291.0,0.0
1045846,Marathon Petroleum Corp,2021-06-29,BUY,772937.0,772937.0
1045846,Marathon Petroleum Corp,2022-09-29,SELL,772937.0,0.0
1045775,Marsh & McLennan Cos Inc,2021-06-29,BUY,34246.0,34246.0
1045775,Marsh & McLennan Cos Inc,2022-07-15,SELL,34246.0,0.0
1045697,Mastercard Inc,2021-06-29,BUY,13074.0,13074.0
1045697,Mastercard Inc,2025-03-26,SELL,13074.0,0.0
1062065,MaxLinear Inc,2022-07-15,BUY,1262756.0,1262756.0
1062065,MaxLinear Inc,2022-07-15,BUY,1262756.0,2525512.0
1062065,MaxLinear Inc,2024-06-03,SELL,1262756.0,1262756.0
1062065,MaxLinear Inc,2024-06-03,SELL,1262756.0,0.0
1009498,McDonald's Corp,2022-07-15,BUY,16268.0,16268.0
1009498,McDonald's Corp,2025-03-26,SELL,16268.0,0.0
1045757,McKesson Corp,2021-06-29,BUY,25104.0,25104.0
1045757,McKesson Corp,2021-06-30,BUY,25104.0,50208.0
1045757,McKesson Corp,2023-03-01,SELL,25104.0,25104.0
1045757,McKesson Corp,2023-03-01,SELL,25104.0,0.0
1045694,Medtronic PLC,2021-06-29,BUY,39308.0,39308.0
1045694,Medtronic PLC,2021-06-30,BUY,39308.0,78616.0
1045694,Medtronic PLC,2025-01-21,SELL,39308.0,39308.0
1045694,Medtronic PLC,2025-03-26,SELL,39308.0,0.0
1061593,Meritz Securities Co Ltd,2024-06-03,BUY,124957.0,124957.0
1061593,Meritz Securities Co Ltd,2025-03-21,SELL,124957.0,0.0
1012342,"Meta Platforms, Inc.",2022-12-02,BUY,97197.0,97197.0
1012342,"Meta Platforms, Inc.",2022-12-02,BUY,97197.0,194394.0
1012342,"Meta Platforms, Inc.",2024-06-03,SELL,97197.0,97197.0
1012342,"Meta Platforms, Inc.",2024-06-03,SELL,97197.0,0.0
1012342,"Meta Platforms, Inc.",2025-03-26,BUY,1.0,1.0
1012342,"Meta Platforms, Inc.",2025-03-26,BUY,71717.0,71718.0
1045951,Micron Technology Inc,2024-05-02,BUY,24078.0,24078.0
1045951,Micron Technology Inc,2024-05-02,BUY,24078.0,48156.0
1045951,Micron Technology Inc,2025-01-21,BUY,17.0,48173.0
1045951,Micron Technology Inc,2025-01-21,BUY,96673.0,144846.0
1045951,Micron Technology Inc,2025-03-26,SELL,24078.0,120768.0
1045951,Micron Technology Inc,2025-05-23,SELL,120003.0,765.0
1045951,Micron Technology Inc,2025-05-23,SELL,63532.0,-62767.0
1045951,Micron Technology Inc,2025-05-23,SELL,56472.0,-119239.0
1045951,Micron Technology Inc,2025-05-23,SELL,17.0,-119256.0
1045951,Micron Technology Inc,2025-05-23,SELL,9.0,-119265.0
1045951,Micron Technology Inc,2025-05-23,SELL,8.0,-119273.0
1009082,Microsoft Corp,2021-06-29,BUY,17461.0,17461.0
1009082,Microsoft Corp,2021-06-30,BUY,17461.0,34922.0
1009082,Microsoft Corp,2025-01-21,BUY,4.0,34926.0
1009082,Microsoft Corp,2025-01-21,BUY,11224.0,46150.0
1009082,Microsoft Corp,2025-03-26,BUY,2.0,46152.0
1009082,Microsoft Corp,2025-03-26,BUY,125932.0,172084.0
1045747,Morgan Stanley,2025-03-26,BUY,5.0,5.0
1045747,Morgan Stanley,2025-03-26,BUY,358584.0,358589.0
1045663,"Motorola Solutions, Inc.",2025-01-20,BUY,21454.0,21454.0
1045663,"Motorola Solutions, Inc.",2025-01-21,BUY,3.0,21457.0
1046182,NAN YA PLASTICS CORP.,2017-02-28,BUY,806962.0,806962.0
1046182,NAN YA PLASTICS CORP.,2023-03-31,SELL,806962.0,0.0
1046182,NAN YA PLASTICS CORP.,2025-01-20,BUY,3202782.0,3202782.0
1046182,NAN YA PLASTICS CORP.,2025-01-20,BUY,1326760.0,4529542.0
1046182,NAN YA PLASTICS CORP.,2025-01-20,BUY,2000.0,4531542.0
1046572,NANYA TECHNOLOGY CORP,2017-02-28,BUY,1057086.0,1057086.0
1046572,NANYA TECHNOLOGY CORP,2017-11-01,BUY,853920.0,1911006.0
1046572,NANYA TECHNOLOGY CORP,2018-09-17,SELL,853920.0,1057086.0
1046572,NANYA TECHNOLOGY CORP,2021-02-01,SELL,1057086.0,0.0
1046572,NANYA TECHNOLOGY CORP,2021-04-30,BUY,2106860.0,2106860.0
1046572,NANYA TECHNOLOGY CORP,2021-07-16,SELL,2106860.0,0.0
1046572,NANYA TECHNOLOGY CORP,2025-01-20,BUY,3202782.0,3202782.0
1046572,NANYA TECHNOLOGY CORP,2025-01-20,BUY,1326760.0,4529542.0
1046572,NANYA TECHNOLOGY CORP,2025-01-22,BUY,2000.0,4531542.0
1046572,NANYA TECHNOLOGY CORP,2025-05-23,SELL,1225867.0,3305675.0
1046572,NANYA TECHNOLOGY CORP,2025-05-23,SELL,756715.0,2548960.0
1046572,NANYA TECHNOLOGY CORP,2025-05-23,SELL,2000.0,2546960.0
1046143,NAVER CORP,2021-05-17,BUY,1885.0,1885.0
1046143,NAVER CORP,2025-03-21,BUY,7.0,1892.0
1046143,NAVER CORP,2025-03-21,BUY,943.0,2835.0
1046216,NCSOFT CORP,2020-03-31,BUY,742.0,742.0
1046216,NCSOFT CORP,2020-05-29,BUY,1017.0,1759.0
1046216,NCSOFT CORP,2021-02-01,SELL,742.0,1017.0
1046216,NCSOFT CORP,2021-02-01,SELL,1017.0,0.0
1046216,NCSOFT CORP,2025-03-21,BUY,9.0,9.0
1046216,NCSOFT CORP,2025-03-21,BUY,3635.0,3644.0
1046154,NETEASE ADR REPRESENTING INC,2017-02-28,BUY,7507.0,7507.0
1046154,NETEASE ADR REPRESENTING INC,2017-05-02,SELL,7507.0,0.0
1046334,NEW CHINA LIFE INSURANCE (H),2017-02-28,BUY,288013.0,288013.0
1046334,NEW CHINA LIFE INSURANCE (H),2018-02-28,SELL,288013.0,0.0
1046334,NEW CHINA LIFE INSURANCE (H),2018-11-01,BUY,587163.0,587163.0
1046334,NEW CHINA LIFE INSURANCE (H),2019-01-15,SELL,587163.0,0.0
1046334,NEW CHINA LIFE INSURANCE (H),2019-11-01,BUY,812749.0,812749.0
1046334,NEW CHINA LIFE INSURANCE (H),2023-04-01,BUY,812749.0,1625498.0
1046334,NEW CHINA LIFE INSURANCE (H),2023-04-01,BUY,812749.0,2438247.0
1046334,NEW CHINA LIFE INSURANCE (H),2023-04-01,BUY,1179718.0,3617965.0
1046334,NEW CHINA LIFE INSURANCE (H),2024-05-01,SELL,812749.0,2805216.0
1046334,NEW CHINA LIFE INSURANCE (H),2024-05-01,SELL,1992467.0,812749.0
1046334,NEW CHINA LIFE INSURANCE (H),2024-05-01,SELL,812749.0,0.0
1046241,NEW WORLD DEVELOPMENT,2017-02-28,BUY,1496641.0,1496641.0
1046241,NEW WORLD DEVELOPMENT,2020-04-01,SELL,1496641.0,0.0
1046241,NEW WORLD DEVELOPMENT,2022-08-15,BUY,7819184.0,7819184.0
1046241,NEW WORLD DEVELOPMENT,2022-12-26,SELL,7819184.0,0.0
1046480,NH INVESTMENT & SECURITIES C,2021-02-15,BUY,5801.0,5801.0
1046480,NH INVESTMENT & SECURITIES C,2024-06-03,SELL,5801.0,0.0
1046724,NOVATEK MICROELECTRONICS CORP.,2021-07-16,BUY,325399.0,325399.0
1046724,NOVATEK MICROELECTRONICS CORP.,2023-04-01,BUY,325399.0,650798.0
1046724,NOVATEK MICROELECTRONICS CORP.,2023-04-01,BUY,472322.0,1123120.0
1046724,NOVATEK MICROELECTRONICS CORP.,2024-06-03,SELL,325399.0,797721.0
1046724,NOVATEK MICROELECTRONICS CORP.,2024-06-03,SELL,797721.0,0.0
1046645,NWS HOLDINGS LTD,2019-01-02,BUY,861886.0,861886.0
1046645,NWS HOLDINGS LTD,2020-01-02,SELL,861886.0,0.0
1062463,National Instruments Corp,2021-06-30,BUY,119963.0,119963.0
1062463,National Instruments Corp,2021-06-30,BUY,119963.0,239926.0
1062463,National Instruments Corp,2023-10-04,SELL,119963.0,119963.0
1062463,National Instruments Corp,2023-10-04,SELL,119963.0,0.0
1101496,"NetEase, Inc.",2025-01-20,BUY,132676.0,132676.0
1101496,"NetEase, Inc.",2025-01-20,BUY,320278.0,452954.0
1101496,"NetEase, Inc.",2025-01-20,BUY,132676.0,585630.0
1101496,"NetEase, Inc.",2025-02-20,BUY,200.0,585830.0
1045654,Netflix Inc,2022-10-18,BUY,9396.0,9396.0
1045654,Netflix Inc,2022-10-18,BUY,9396.0,18792.0
1045654,Netflix Inc,2024-06-03,SELL,9396.0,9396.0
1045654,Netflix Inc,2024-06-03,SELL,9396.0,0.0
1050502,Neurocrine Biosciences Inc,2025-01-20,BUY,57210.0,57210.0
1050502,Neurocrine Biosciences Inc,2025-01-21,BUY,8.0,57218.0
1050502,Neurocrine Biosciences Inc,2025-05-23,SELL,56472.0,746.0
1050502,Neurocrine Biosciences Inc,2025-05-23,SELL,8.0,738.0
1045966,Newell Brands Inc,2025-03-26,BUY,96.0,96.0
1045966,Newell Brands Inc,2025-03-26,BUY,6884819.0,6884915.0
1045966,Newell Brands Inc,2025-05-12,SELL,96.0,6884819.0
1045966,Newell Brands Inc,2025-05-13,SELL,97728.0,6787091.0
1046099,News Corp,2025-03-26,BUY,23.0,23.0
1046099,News Corp,2025-03-26,BUY,1649488.0,1649511.0
1045727,NextEra Energy Inc,2023-01-04,BUY,161949.0,161949.0
1045727,NextEra Energy Inc,2025-03-26,SELL,161949.0,0.0
1048725,Nice Ltd,2022-09-29,BUY,26091.0,26091.0
1048725,Nice Ltd,2022-09-29,BUY,26091.0,52182.0
1048725,Nice Ltd,2025-01-21,SELL,26091.0,26091.0
1048725,Nice Ltd,2025-03-26,SELL,26091.0,0.0
1062469,OGE Energy Corp,2021-06-30,BUY,150451.0,150451.0
1062469,OGE Energy Corp,2024-06-03,SELL,150451.0,0.0
1045669,Oracle Corp,2025-01-20,BUY,78663.0,78663.0
1045669,Oracle Corp,2025-01-21,BUY,11.0,78674.0
1050550,Owens & Minor Inc,2025-01-20,BUY,2181114.0,2181114.0
1050550,Owens & Minor Inc,2025-01-21,BUY,305.0,2181419.0
1050550,Owens & Minor Inc,2025-05-23,SELL,2152995.0,28424.0
1050550,Owens & Minor Inc,2025-05-23,SELL,430599.0,-402175.0
1050550,Owens & Minor Inc,2025-05-23,SELL,1722396.0,-2124571.0
1050550,Owens & Minor Inc,2025-05-23,SELL,305.0,-2124876.0
1050550,Owens & Minor Inc,2025-05-23,SELL,61.0,-2124937.0
1050550,Owens & Minor Inc,2025-05-23,SELL,244.0,-2125181.0
1046304,PEGATRON CORP,2017-05-31,BUY,899526.0,899526.0
1046304,PEGATRON CORP,2023-03-31,SELL,899526.0,0.0
1046415,PHISON ELECTRONICS CORP,2017-02-28,BUY,256765.0,256765.0
1046415,PHISON ELECTRONICS CORP,2017-05-31,SELL,256765.0,0.0
1046187,PICC PROPERTY & CASUALTY-H,2018-12-03,BUY,2458495.0,2458495.0
1046187,PICC PROPERTY & CASUALTY-H,2019-11-01,SELL,2458495.0,0.0
1046159,POSCO,2020-03-31,BUY,306.0,306.0
1046159,POSCO,2020-12-15,BUY,213.0,519.0
1046159,POSCO,2021-11-01,SELL,213.0,306.0
1046159,POSCO,2025-03-21,BUY,5.0,311.0
1046159,POSCO,2025-03-21,BUY,1710.0,2021.0
1046515,POSCO DAEWOO CORP,2022-02-14,BUY,21703.0,21703.0
1046515,POSCO DAEWOO CORP,2025-03-21,SELL,21703.0,0.0
1046148,POWER ASSETS HOLDINGS LTD,2017-02-28,BUY,238368.0,238368.0
1046148,POWER ASSETS HOLDINGS LTD,2018-05-02,SELL,238368.0,0.0
1046148,POWER ASSETS HOLDINGS LTD,2021-06-15,BUY,326796.0,326796.0
1046148,POWER ASSETS HOLDINGS LTD,2023-04-01,BUY,326796.0,653592.0
1046148,POWER ASSETS HOLDINGS LTD,2023-04-01,BUY,326796.0,980388.0
1046148,POWER ASSETS HOLDINGS LTD,2023-04-01,BUY,474349.0,1454737.0
1046148,POWER ASSETS HOLDINGS LTD,2025-01-20,SELL,326796.0,1127941.0
1046148,POWER ASSETS HOLDINGS LTD,2025-01-20,SELL,326796.0,801145.0
1046148,POWER ASSETS HOLDINGS LTD,2025-01-20,SELL,801145.0,0.0
1046439,POWERTECH TECHNOLOGY INC,2017-02-28,BUY,869692.0,869692.0
1046439,POWERTECH TECHNOLOGY INC,2018-11-01,SELL,869692.0,0.0
1046439,POWERTECH TECHNOLOGY INC,2025-01-20,BUY,1601391.0,1601391.0
1046439,POWERTECH TECHNOLOGY INC,2025-01-20,BUY,663380.0,2264771.0
1046439,POWERTECH TECHNOLOGY INC,2025-01-20,BUY,1000.0,2265771.0
1050467,PTC Inc ,2023-10-04,BUY,51778.0,51778.0
1050467,PTC Inc ,2023-10-04,BUY,51778.0,103556.0
1050467,PTC Inc ,2025-01-21,SELL,51778.0,51778.0
1050467,PTC Inc ,2025-03-26,SELL,51778.0,0.0
1046054,PVH Corp,2021-06-29,BUY,49294.0,49294.0
1046054,PVH Corp,2024-06-03,SELL,49294.0,0.0
1061587,Pan Ocean Co Ltd,2020-11-30,BUY,23094.0,23094.0
1061587,Pan Ocean Co Ltd,2021-08-13,SELL,23094.0,0.0
1050464,Paycom Software Inc,2021-06-29,BUY,129596.0,129596.0
1050464,Paycom Software Inc,2021-06-30,BUY,129596.0,259192.0
1050464,Paycom Software Inc,2022-07-15,SELL,129596.0,129596.0
1050464,Paycom Software Inc,2022-07-15,SELL,129596.0,0.0
1050464,Paycom Software Inc,2022-09-29,BUY,10593.0,10593.0
1050464,Paycom Software Inc,2022-09-29,BUY,10593.0,21186.0
1050464,Paycom Software Inc,2023-01-04,SELL,10593.0,10593.0
1050464,Paycom Software Inc,2023-01-04,SELL,10593.0,0.0
1050464,Paycom Software Inc,2025-01-20,BUY,171629.0,171629.0
1050464,Paycom Software Inc,2025-01-21,BUY,24.0,171653.0
1046096,People's United Financial Inc,2021-06-29,BUY,327210.0,327210.0
1046096,People's United Financial Inc,2025-03-26,SELL,327210.0,0.0
1045855,Perrigo Co PLC,2025-01-20,BUY,143024.0,143024.0
1045855,Perrigo Co PLC,2025-01-21,BUY,20.0,143044.0
1009161,PetroChina Co. Ltd.,2017-02-28,BUY,2677923.0,2677923.0
1009161,PetroChina Co. Ltd.,2017-05-15,SELL,2677923.0,0.0
1009161,PetroChina Co. Ltd.,2021-02-01,BUY,6979520.0,6979520.0
1009161,PetroChina Co. Ltd.,2023-03-31,SELL,6979520.0,0.0
1009161,PetroChina Co. Ltd.,2023-04-01,BUY,6979520.0,6979520.0
1009161,PetroChina Co. Ltd.,2023-04-01,BUY,6979520.0,13959040.0
1009161,PetroChina Co. Ltd.,2023-04-01,BUY,17110402.0,31069442.0
1009161,PetroChina Co. Ltd.,2025-01-20,SELL,5799816.0,25269626.0
1009161,PetroChina Co. Ltd.,2025-01-20,BUY,3202782.0,28472408.0
1009161,PetroChina Co. Ltd.,2025-01-20,SELL,5799816.0,22672592.0
1009161,PetroChina Co. Ltd.,2025-01-20,SELL,17110402.0,5562190.0
1009161,PetroChina Co. Ltd.,2025-01-20,BUY,2000.0,5564190.0
1009090,Pfizer Inc,2022-10-18,BUY,112172.0,112172.0
1009090,Pfizer Inc,2022-10-18,BUY,112172.0,224344.0
1009090,Pfizer Inc,2025-01-21,BUY,16023.0,240367.0
1009090,Pfizer Inc,2025-01-21,BUY,18.0,240385.0
1009090,Pfizer Inc,2025-03-26,SELL,112172.0,128213.0
1062388,Pilgrims Pride Corp,2021-06-30,BUY,237928.0,237928.0
1062388,Pilgrims Pride Corp,2024-06-03,SELL,237928.0,0.0
1012339,Ping An Insurance (Grp) Co of China Ltd,2018-02-28,BUY,163148.0,163148.0
1012339,Ping An Insurance (Grp) Co of China Ltd,2020-01-02,SELL,163148.0,0.0
1012339,Ping An Insurance (Grp) Co of China Ltd,2020-05-15,BUY,147574.0,147574.0
1012339,Ping An Insurance (Grp) Co of China Ltd,2021-09-30,SELL,147574.0,0.0
1012339,Ping An Insurance (Grp) Co of China Ltd,2025-01-20,BUY,331690.0,331690.0
1012339,Ping An Insurance (Grp) Co of China Ltd,2025-01-20,BUY,800695.0,1132385.0
1012339,Ping An Insurance (Grp) Co of China Ltd,2025-01-20,BUY,331690.0,1464075.0
1012339,Ping An Insurance (Grp) Co of China Ltd,2025-01-20,BUY,500.0,1464575.0
1046104,Pitney Bowes Inc.,2025-03-26,BUY,72.0,72.0
1046104,Pitney Bowes Inc.,2025-03-26,BUY,5163614.0,5163686.0
1009087,Procter & Gamble Co/The,2021-06-29,BUY,36259.0,36259.0
1009087,Procter & Gamble Co/The,2022-07-15,SELL,36259.0,0.0
1045764,Prudential Financial Inc,2024-05-02,BUY,75364.0,75364.0
1045764,Prudential Financial Inc,2025-03-26,SELL,75364.0,0.0
1045670,QUALCOMM Inc,2025-01-20,BUY,78663.0,78663.0
1045670,QUALCOMM Inc,2025-01-21,BUY,11.0,78674.0
1046248,QUANTA COMPUTER INC,2025-05-23,BUY,183880.0,183880.0
1046248,QUANTA COMPUTER INC,2025-05-23,BUY,106650.0,290530.0
1046248,QUANTA COMPUTER INC,2025-05-23,BUY,77230.0,367760.0
1046248,QUANTA COMPUTER INC,2025-05-23,BUY,113507.0,481267.0
1046248,QUANTA COMPUTER INC,2025-05-23,BUY,65834.0,547101.0
1046248,QUANTA COMPUTER INC,2025-05-23,BUY,47673.0,594774.0
1046248,QUANTA COMPUTER INC,2025-05-23,BUY,300.0,595074.0
1046248,QUANTA COMPUTER INC,2025-05-23,BUY,174.0,595248.0
1046248,QUANTA COMPUTER INC,2025-05-23,BUY,126.0,595374.0
1046373,REALTEK SEMICONDUCTOR CORP,2020-08-31,BUY,363703.0,363703.0
1046373,REALTEK SEMICONDUCTOR CORP,2020-08-31,BUY,349953.0,713656.0
1046373,REALTEK SEMICONDUCTOR CORP,2021-04-30,SELL,363703.0,349953.0
1046373,REALTEK SEMICONDUCTOR CORP,2022-02-14,SELL,349953.0,0.0
1062410,Raytheon Technologies Corporation,2021-06-30,BUY,58220.0,58220.0
1062410,Raytheon Technologies Corporation,2025-03-26,SELL,58220.0,0.0
1045929,Royal Caribbean Cruises Ltd,2025-03-26,BUY,3.0,3.0
1045929,Royal Caribbean Cruises Ltd,2025-03-26,BUY,215151.0,215154.0
1061723,S&T Motiv Co Ltd,2021-02-15,BUY,1424.0,1424.0
1061723,S&T Motiv Co Ltd,2024-04-14,SELL,1424.0,0.0
1046388,S-1 CORPORATION,2020-03-31,BUY,630.0,630.0
1046388,S-1 CORPORATION,2021-04-01,SELL,630.0,0.0
1046388,S-1 CORPORATION,2025-03-21,BUY,28.0,28.0
1046388,S-1 CORPORATION,2025-03-21,BUY,11310.0,11338.0
1046614,S-OIL CORP,2020-03-31,BUY,1031.0,1031.0
1046614,S-OIL CORP,2021-02-01,SELL,1031.0,0.0
1046614,S-OIL CORP,2021-12-01,BUY,598.0,598.0
1046614,S-OIL CORP,2025-03-21,SELL,598.0,0.0
1046195,SAMSUNG C&T CORP,2020-03-31,BUY,552.0,552.0
1046195,SAMSUNG C&T CORP,2022-02-14,SELL,552.0,0.0
1046195,SAMSUNG C&T CORP,2025-03-21,BUY,14.0,14.0
1046195,SAMSUNG C&T CORP,2025-03-21,BUY,5655.0,5669.0
1046454,SAMSUNG CARD CO,2020-03-31,BUY,1671.0,1671.0
1046454,SAMSUNG CARD CO,2020-07-01,SELL,1671.0,0.0
1046676,SAMSUNG ELECTRO MECHANICS LTD,2020-03-31,BUY,4733.0,4733.0
1046676,SAMSUNG ELECTRO MECHANICS LTD,2021-02-01,SELL,4733.0,0.0
1046676,SAMSUNG ELECTRO MECHANICS LTD,2025-03-21,BUY,11.0,11.0
1046676,SAMSUNG ELECTRO MECHANICS LTD,2025-03-21,BUY,4443.0,4454.0
1046234,SAMSUNG LIFE INSURANCE CO LT,2020-03-31,BUY,1151.0,1151.0
1046234,SAMSUNG LIFE INSURANCE CO LT,2021-05-17,SELL,1151.0,0.0
1046234,SAMSUNG LIFE INSURANCE CO LT,2021-11-01,BUY,1585.0,1585.0
1046234,SAMSUNG LIFE INSURANCE CO LT,2021-11-15,BUY,1302.0,2887.0
1046234,SAMSUNG LIFE INSURANCE CO LT,2025-03-21,SELL,2887.0,0.0
1046250,SAMSUNG SDI CO LTD,2020-03-31,BUY,1913.0,1913.0
1046250,SAMSUNG SDI CO LTD,2020-08-31,SELL,1913.0,0.0
1046250,SAMSUNG SDI CO LTD,2021-09-16,BUY,2063.0,2063.0
1046250,SAMSUNG SDI CO LTD,2025-03-21,SELL,2063.0,0.0
1046275,SAMSUNG SDS CO LTD,2021-02-01,BUY,3632.0,3632.0
1046275,SAMSUNG SDS CO LTD,2021-05-17,SELL,3632.0,0.0
1046275,SAMSUNG SDS CO LTD,2025-03-21,BUY,12.0,12.0
1046275,SAMSUNG SDS CO LTD,2025-03-21,BUY,4847.0,4859.0
1046370,SAMSUNG SECURITIES CO LTD,2020-03-31,BUY,1703.0,1703.0
1046370,SAMSUNG SECURITIES CO LTD,2021-02-15,SELL,1703.0,0.0
1046370,SAMSUNG SECURITIES CO LTD,2021-06-30,BUY,2325.0,2325.0
1046370,SAMSUNG SECURITIES CO LTD,2025-03-21,SELL,2325.0,0.0
1046709,SEMICONDUCTOR MANUFACTURING INTERNATIONAL Corp,2018-08-31,BUY,4497704.0,4497704.0
1046709,SEMICONDUCTOR MANUFACTURING INTERNATIONAL Corp,2018-11-01,SELL,4497704.0,0.0
1046709,SEMICONDUCTOR MANUFACTURING INTERNATIONAL Corp,2021-04-01,BUY,1163956.0,1163956.0
1046709,SEMICONDUCTOR MANUFACTURING INTERNATIONAL Corp,2023-03-31,SELL,1163956.0,0.0
1046709,SEMICONDUCTOR MANUFACTURING INTERNATIONAL Corp,2023-04-01,BUY,1163956.0,1163956.0
1046709,SEMICONDUCTOR MANUFACTURING INTERNATIONAL Corp,2023-04-01,BUY,1163956.0,2327912.0
1046709,SEMICONDUCTOR MANUFACTURING INTERNATIONAL Corp,2023-04-01,BUY,2853456.0,5181368.0
1046709,SEMICONDUCTOR MANUFACTURING INTERNATIONAL Corp,2025-01-20,SELL,1163956.0,4017412.0
1046709,SEMICONDUCTOR MANUFACTURING INTERNATIONAL Corp,2025-01-20,SELL,1163956.0,2853456.0
1046709,SEMICONDUCTOR MANUFACTURING INTERNATIONAL Corp,2025-01-20,SELL,2853456.0,0.0
1046519,SHANGHAI ELECTRIC GRP CO L-H,2025-01-20,BUY,5307040.0,5307040.0
1046519,SHANGHAI ELECTRIC GRP CO L-H,2025-01-20,BUY,12811127.0,18118167.0
1046519,SHANGHAI ELECTRIC GRP CO L-H,2025-01-20,BUY,5307040.0,23425207.0
1046519,SHANGHAI ELECTRIC GRP CO L-H,2025-01-20,BUY,8000.0,23433207.0
1046637,SHENZHOU INTERNATIONAL GROUP LTD,2017-02-28,BUY,334401.0,334401.0
1046637,SHENZHOU INTERNATIONAL GROUP LTD,2017-12-01,SELL,334401.0,0.0
1046381,SHIN KONG FINANCIAL HOLDING,2017-02-28,BUY,8010312.0,8010312.0
1046381,SHIN KONG FINANCIAL HOLDING,2023-03-31,SELL,8010312.0,0.0
1046381,SHIN KONG FINANCIAL HOLDING,2025-01-20,BUY,8006954.0,8006954.0
1046381,SHIN KONG FINANCIAL HOLDING,2025-01-20,BUY,3316900.0,11323854.0
1046381,SHIN KONG FINANCIAL HOLDING,2025-01-20,BUY,5000.0,11328854.0
1046149,SHINHAN FINANCIAL GROUP LTD,2020-03-31,BUY,1716.0,1716.0
1046149,SHINHAN FINANCIAL GROUP LTD,2021-11-01,SELL,1716.0,0.0
1046149,SHINHAN FINANCIAL GROUP LTD,2025-03-21,BUY,11310.0,11310.0
1046149,SHINHAN FINANCIAL GROUP LTD,2025-03-24,BUY,28.0,11338.0
1061639,SK Chemicals Co Ltd,2020-05-29,BUY,7557.0,7557.0
1061639,SK Chemicals Co Ltd,2020-07-31,SELL,7557.0,0.0
1061722,SK Discovery Co Ltd,2021-02-15,BUY,1039.0,1039.0
1061722,SK Discovery Co Ltd,2022-07-15,SELL,1039.0,0.0
1046186,SK HOLDINGS LTD,2025-03-21,BUY,10.0,10.0
1046186,SK HOLDINGS LTD,2025-03-21,BUY,4039.0,4049.0
1046145,SK HYNIX INC,2020-03-31,BUY,5589.0,5589.0
1046145,SK HYNIX INC,2021-02-15,SELL,5589.0,0.0
1046145,SK HYNIX INC,2021-11-01,BUY,836.0,836.0
1046145,SK HYNIX INC,2025-03-21,BUY,1980.0,2816.0
1046145,SK HYNIX INC,2025-03-24,BUY,7.0,2823.0
1046188,SK INNOVATION CO LTD,2021-02-01,BUY,252.0,252.0
1046188,SK INNOVATION CO LTD,2021-12-01,SELL,252.0,0.0
1046188,SK INNOVATION CO LTD,2025-03-21,BUY,4.0,4.0
1046188,SK INNOVATION CO LTD,2025-03-21,BUY,2020.0,2024.0
1046188,SK INNOVATION CO LTD,2025-03-24,BUY,1.0,2025.0
1046188,SK INNOVATION CO LTD,2025-05-07,SELL,5.0,2020.0
1046188,SK INNOVATION CO LTD,2025-05-12,SELL,5.0,2015.0
1046188,SK INNOVATION CO LTD,2025-05-23,SELL,2018.0,-3.0
1046569,SK NETWORKS CO LTD,2020-03-31,BUY,100648.0,100648.0
1046569,SK NETWORKS CO LTD,2021-04-30,SELL,100648.0,0.0
1046310,SK TELECOM,2020-03-31,BUY,288.0,288.0
1046310,SK TELECOM,2021-04-01,SELL,288.0,0.0
1046310,SK TELECOM,2025-03-21,BUY,26.0,26.0
1046310,SK TELECOM,2025-03-21,BUY,10502.0,10528.0
1061622,SKC Co Ltd,2020-03-31,BUY,12200.0,12200.0
1061622,SKC Co Ltd,2020-05-29,SELL,12200.0,0.0
1048278,SM Energy Co,2022-07-15,BUY,482570.0,482570.0
1048278,SM Energy Co,2025-03-26,SELL,482570.0,0.0
1046142,SUN HUNG KAI PROPERTIES,2017-02-28,BUY,130555.0,130555.0
1046142,SUN HUNG KAI PROPERTIES,2020-04-01,SELL,130555.0,0.0
1046492,SUNAC CHINA HOLDINGS LTD,2017-12-15,BUY,1670038.0,1670038.0
1046492,SUNAC CHINA HOLDINGS LTD,2020-07-15,BUY,888883.0,2558921.0
1046492,SUNAC CHINA HOLDINGS LTD,2021-07-16,SELL,888883.0,1670038.0
1046492,SUNAC CHINA HOLDINGS LTD,2023-03-31,SELL,1670038.0,0.0
1046208,SWIRE PACIFIC LTD - CL A,2025-01-20,BUY,331690.0,331690.0
1046208,SWIRE PACIFIC LTD - CL A,2025-01-20,BUY,800695.0,1132385.0
1046208,SWIRE PACIFIC LTD - CL A,2025-01-20,BUY,331690.0,1464075.0
1046208,SWIRE PACIFIC LTD - CL A,2025-01-20,BUY,500.0,1464575.0
1046606,SWIRE PROPERTIES LTD,2018-07-02,BUY,1046394.0,1046394.0
1046606,SWIRE PROPERTIES LTD,2020-08-31,BUY,1181407.0,2227801.0
1046606,SWIRE PROPERTIES LTD,2022-12-26,SELL,1046394.0,1181407.0
1046606,SWIRE PROPERTIES LTD,2022-12-27,SELL,1181407.0,0.0
1062464,Sabre Corp,2022-07-15,BUY,871778.0,871778.0
1062464,Sabre Corp,2022-07-15,BUY,871778.0,1743556.0
1062464,Sabre Corp,2025-01-21,SELL,871778.0,871778.0
1062464,Sabre Corp,2025-03-26,SELL,871778.0,0.0
1061571,Samsung Biologics Co Ltd,2020-03-31,BUY,971.0,971.0
1061571,Samsung Biologics Co Ltd,2021-02-01,BUY,483.0,1454.0
1061571,Samsung Biologics Co Ltd,2022-04-14,SELL,971.0,483.0
1061571,Samsung Biologics Co Ltd,2022-04-14,SELL,483.0,0.0
1046125,Samsung Electronics Ltd,2020-03-31,BUY,71197.0,71197.0
1046125,Samsung Electronics Ltd,2025-03-21,SELL,71197.0,0.0
1061577,Samsung Engineering Co Ltd,2021-11-15,BUY,2868.0,2868.0
1061577,Samsung Engineering Co Ltd,2025-03-21,SELL,2868.0,0.0
1050468,Science Applications International Corp ,2025-01-20,BUY,114419.0,114419.0
1050468,Science Applications International Corp ,2025-01-21,BUY,16.0,114435.0
1061994,Seegene Inc.,2021-04-01,BUY,13617.0,13617.0
1061994,Seegene Inc.,2021-04-30,SELL,13617.0,0.0
1050470,ServiceNow Inc ,2025-01-20,BUY,35756.0,35756.0
1050470,ServiceNow Inc ,2025-01-21,BUY,5.0,35761.0
1046015,Signet Jewelers Ltd,2021-06-29,BUY,746741.0,746741.0
1046015,Signet Jewelers Ltd,2025-03-26,SELL,746741.0,0.0
1045714,Simon Property Group Inc,2021-06-29,BUY,39940.0,39940.0
1045714,Simon Property Group Inc,2024-05-02,SELL,39940.0,0.0
1062450,Six Flags Entertainment Corp,2021-06-30,BUY,123921.0,123921.0
1062450,Six Flags Entertainment Corp,2025-03-26,SELL,123921.0,0.0
1061966,SsangYong Motor Co. Ltd.,2020-08-31,BUY,27724.0,27724.0
1061966,SsangYong Motor Co. Ltd.,2020-12-30,SELL,27724.0,0.0
1062525,Sterling Bancorp,2024-05-02,BUY,166144.0,166144.0
1062525,Sterling Bancorp,2025-03-26,SELL,166144.0,0.0
1045766,Stryker Corp,2025-01-20,BUY,7151.0,7151.0
1045766,Stryker Corp,2025-01-21,BUY,1.0,7152.0
1045766,Stryker Corp,2025-03-26,BUY,2.0,7154.0
1045766,Stryker Corp,2025-03-26,BUY,143434.0,150588.0
1045813,Synchrony Financial,2025-03-26,BUY,12.0,12.0
1045813,Synchrony Financial,2025-03-26,BUY,860602.0,860614.0
1050539,Syneos Health Inc,2021-06-30,BUY,56713.0,56713.0
1050539,Syneos Health Inc,2025-03-26,SELL,56713.0,0.0
1046500,TAIWAN BUSINESS BANK,2021-07-16,BUY,10680837.0,10680837.0
1046500,TAIWAN BUSINESS BANK,2023-04-01,BUY,10680837.0,21361674.0
1046500,TAIWAN BUSINESS BANK,2023-04-01,BUY,15503401.0,36865075.0
1046500,TAIWAN BUSINESS BANK,2025-01-20,SELL,10680837.0,26184238.0
1046500,TAIWAN BUSINESS BANK,2025-01-20,SELL,26184238.0,0.0
1046128,TAIWAN SEMICONDUCTOR MANUFAC,2018-11-01,BUY,279797.0,279797.0
1046128,TAIWAN SEMICONDUCTOR MANUFAC,2022-06-30,BUY,594080.0,873877.0
1046128,TAIWAN SEMICONDUCTOR MANUFAC,2022-12-26,SELL,594080.0,279797.0
1046128,TAIWAN SEMICONDUCTOR MANUFAC,2023-03-31,SELL,279797.0,0.0
1046128,TAIWAN SEMICONDUCTOR MANUFAC,2024-06-30,BUY,300113.8081,300113.8081
1046128,TAIWAN SEMICONDUCTOR MANUFAC,2024-07-01,BUY,736471.0,1036584.8081
1046128,TAIWAN SEMICONDUCTOR MANUFAC,2025-01-20,BUY,304971.0,1341555.8081
1046128,TAIWAN SEMICONDUCTOR MANUFAC,2025-01-20,BUY,121178.0,1462733.8081
1046128,TAIWAN SEMICONDUCTOR MANUFAC,2025-01-20,BUY,500.0,1463233.8081
1046704,TAL EDUCATION GROUP ADR REPTG,2018-08-31,BUY,140473.0,140473.0
1046704,TAL EDUCATION GROUP ADR REPTG,2023-04-01,BUY,140473.0,280946.0
1046704,TAL EDUCATION GROUP ADR REPTG,2023-04-01,BUY,203899.0,484845.0
1046704,TAL EDUCATION GROUP ADR REPTG,2025-01-20,SELL,140473.0,344372.0
1046704,TAL EDUCATION GROUP ADR REPTG,2025-01-20,SELL,344372.0,0.0
1045730,TJX Cos Inc/The,2024-06-03,BUY,57009.0,57009.0
1045730,TJX Cos Inc/The,2025-03-26,SELL,57009.0,0.0
1046477,TRAVELSKY TECHNOLOGY LTD-H,2017-05-15,BUY,1370437.0,1370437.0
1046477,TRAVELSKY TECHNOLOGY LTD-H,2017-10-02,SELL,1370437.0,0.0
1048741,Tanger Factory Outlet Centers Inc,2021-06-29,BUY,2819667.0,2819667.0
1048741,Tanger Factory Outlet Centers Inc,2025-03-26,SELL,2819667.0,0.0
1045732,Target Corp,2025-03-26,BUY,6.0,6.0
1045732,Target Corp,2025-03-26,BUY,430301.0,430307.0
1046124,Tencent Holdings Ltd,2017-03-31,BUY,122264.0,122264.0
1046124,Tencent Holdings Ltd,2018-08-31,SELL,122264.0,0.0
1046124,Tencent Holdings Ltd,2019-04-01,BUY,115529.0,115529.0
1046124,Tencent Holdings Ltd,2019-05-02,BUY,44629.0,160158.0
1046124,Tencent Holdings Ltd,2019-12-16,BUY,92775.0,252933.0
1046124,Tencent Holdings Ltd,2022-12-26,SELL,115529.0,137404.0
1046124,Tencent Holdings Ltd,2022-12-27,SELL,44629.0,92775.0
1046124,Tencent Holdings Ltd,2025-01-20,BUY,66338.0,159113.0
1046124,Tencent Holdings Ltd,2025-01-20,BUY,160139.0,319252.0
1046124,Tencent Holdings Ltd,2025-01-20,BUY,66338.0,385590.0
1046124,Tencent Holdings Ltd,2025-01-20,BUY,100.0,385690.0
1046124,Tencent Holdings Ltd,2025-03-12,SELL,92775.0,292915.0
1046124,Tencent Holdings Ltd,2025-05-23,SELL,61293.0,231622.0
1046124,Tencent Holdings Ltd,2025-05-23,SELL,37836.0,193786.0
1046124,Tencent Holdings Ltd,2025-05-23,SELL,100.0,193686.0
1046124,Tencent Holdings Ltd,2025-05-23,SELL,100.0,193586.0
1046110,Teradata Corp,2025-03-26,BUY,32.0,32.0
1046110,Teradata Corp,2025-03-26,BUY,2294940.0,2294972.0
1050477,Teradyne Inc,2023-02-01,BUY,208786.0,208786.0
1050477,Teradyne Inc,2023-02-01,BUY,208786.0,417572.0
1050477,Teradyne Inc,2024-06-03,SELL,208786.0,208786.0
1050477,Teradyne Inc,2024-06-03,SELL,208786.0,0.0
1048389,Tesla Inc,2025-03-26,BUY,2.0,2.0
1048389,Tesla Inc,2025-03-26,BUY,143434.0,143436.0
1045725,Thermo Fisher Scientific Inc,2021-06-29,BUY,95261.0,95261.0
1045725,Thermo Fisher Scientific Inc,2021-06-30,BUY,95261.0,190522.0
1045725,Thermo Fisher Scientific Inc,2025-01-21,SELL,95261.0,95261.0
1045725,Thermo Fisher Scientific Inc,2025-03-26,SELL,95261.0,0.0
1045725,Thermo Fisher Scientific Inc,2025-05-23,BUY,14118.0,14118.0
1045725,Thermo Fisher Scientific Inc,2025-05-23,BUY,2.0,14120.0
1061717,Tongyang Inc,2022-04-29,BUY,40960.0,40960.0
1061717,Tongyang Inc,2025-03-21,SELL,40960.0,0.0
1062391,Treehouse Foods Inc,2021-06-30,BUY,111206.0,111206.0
1062391,Treehouse Foods Inc,2022-10-18,SELL,111206.0,0.0
1050478,Twitter Inc ,2024-06-03,BUY,10560440.0,10560440.0
1050478,Twitter Inc ,2024-06-03,BUY,10560440.0,21120880.0
1050478,Twitter Inc ,2024-06-03,SELL,9698889.0,11421991.0
1050478,Twitter Inc ,2025-01-21,SELL,861551.0,10560440.0
1050478,Twitter Inc ,2025-03-26,SELL,10560440.0,0.0
1050479,Tyler Technologies Inc,2021-06-29,BUY,10118.0,10118.0
1050479,Tyler Technologies Inc,2021-06-30,BUY,10118.0,20236.0
1050479,Tyler Technologies Inc,2022-09-29,SELL,10118.0,10118.0
1050479,Tyler Technologies Inc,2022-09-29,SELL,10118.0,0.0
1046269,UNITED MICROELECTRONICS CORP,2017-02-28,BUY,5597677.0,5597677.0
1046269,UNITED MICROELECTRONICS CORP,2019-11-01,BUY,6031744.0,11629421.0
1046269,UNITED MICROELECTRONICS CORP,2019-12-02,BUY,5988498.0,17617919.0
1046269,UNITED MICROELECTRONICS CORP,2020-08-31,SELL,6031744.0,11586175.0
1046269,UNITED MICROELECTRONICS CORP,2020-08-31,SELL,5988498.0,5597677.0
1046269,UNITED MICROELECTRONICS CORP,2021-04-30,BUY,1237143.0,6834820.0
1046269,UNITED MICROELECTRONICS CORP,2021-11-01,BUY,2676614.0,9511434.0
1046269,UNITED MICROELECTRONICS CORP,2023-03-31,SELL,2949673.0,6561761.0
1046269,UNITED MICROELECTRONICS CORP,2023-04-01,BUY,2676614.0,9238375.0
1046269,UNITED MICROELECTRONICS CORP,2024-03-05,SELL,49346283.0,-40107908.0
1046269,UNITED MICROELECTRONICS CORP,2024-03-05,BUY,3944839.524,-36163068.475999996
1046269,UNITED MICROELECTRONICS CORP,2024-05-01,SELL,6561761.0,-42724829.475999996
1046269,UNITED MICROELECTRONICS CORP,2024-05-01,SELL,2676614.0,-45401443.475999996
1046269,UNITED MICROELECTRONICS CORP,2024-06-03,BUY,49346283.0,3944839.524000004
1046269,UNITED MICROELECTRONICS CORP,2024-06-03,BUY,9680525.0,13625364.524000004
1046269,UNITED MICROELECTRONICS CORP,2025-01-20,SELL,3105137.0,10520227.524000004
1046269,UNITED MICROELECTRONICS CORP,2025-01-20,SELL,7194416.0,3325811.524000004
1046269,UNITED MICROELECTRONICS CORP,2025-01-22,BUY,3000.0,3328811.524000004
1050531,Ultragenyx Pharmaceutical Inc,2025-01-20,BUY,85814.0,85814.0
1050531,Ultragenyx Pharmaceutical Inc,2025-01-21,BUY,12.0,85826.0
1061973,Unid Co. Ltd.,2024-05-01,BUY,4435.0,4435.0
1061973,Unid Co. Ltd.,2025-03-21,SELL,4435.0,0.0
1045707,Union Pacific Corp,2021-06-29,BUY,22758.0,22758.0
1045707,Union Pacific Corp,2025-03-26,SELL,22758.0,0.0
1062113,United States Cellular Corp,2021-06-30,BUY,135700.0,135700.0
1062113,United States Cellular Corp,2021-06-30,BUY,135700.0,271400.0
1062113,United States Cellular Corp,2024-06-03,SELL,135700.0,135700.0
1062113,United States Cellular Corp,2024-06-03,SELL,135700.0,0.0
1045984,Universal Health Services Inc,2025-01-20,BUY,71512.0,71512.0
1045984,Universal Health Services Inc,2025-01-21,BUY,10.0,71522.0
1046116,Urban Outfitters Inc.,2025-03-26,BUY,13.0,13.0
1046116,Urban Outfitters Inc.,2025-03-26,BUY,932319.0,932332.0
1046503,VANGUARD INTERNATIONAL SEMI,2021-07-16,BUY,620866.0,620866.0
1046503,VANGUARD INTERNATIONAL SEMI,2021-09-01,SELL,620866.0,0.0
1046503,VANGUARD INTERNATIONAL SEMI,2022-02-14,BUY,1890547.0,1890547.0
1046503,VANGUARD INTERNATIONAL SEMI,2022-06-30,SELL,1890547.0,0.0
1046503,VANGUARD INTERNATIONAL SEMI,2023-12-01,BUY,8312802.0,8312802.0
1046503,VANGUARD INTERNATIONAL SEMI,2023-12-01,BUY,20399382.0,28712184.0
1046503,VANGUARD INTERNATIONAL SEMI,2024-01-15,SELL,20399382.0,8312802.0
1046503,VANGUARD INTERNATIONAL SEMI,2024-01-15,SELL,8312802.0,0.0
1046503,VANGUARD INTERNATIONAL SEMI,2024-05-01,BUY,3941123.0,3941123.0
1046503,VANGUARD INTERNATIONAL SEMI,2024-05-01,BUY,1606018.0,5547141.0
1046503,VANGUARD INTERNATIONAL SEMI,2024-07-01,SELL,3941123.0,1606018.0
1046503,VANGUARD INTERNATIONAL SEMI,2024-07-01,SELL,1606018.0,0.0
1046827,VIPSHOP HOLDINGS,2021-11-15,BUY,283623.0,283623.0
1046827,VIPSHOP HOLDINGS,2021-12-31,SELL,283623.0,0.0
1046032,VeriSign Inc,2025-03-26,BUY,3.0,3.0
1046032,VeriSign Inc,2025-03-26,BUY,215151.0,215154.0
1050482,Verint Systems Inc,2025-01-20,BUY,536340.0,536340.0
1050482,Verint Systems Inc,2025-01-21,BUY,75.0,536415.0
1045949,Verisk Analytics Inc,2025-03-26,BUY,3.0,3.0
1045949,Verisk Analytics Inc,2025-03-26,BUY,215151.0,215154.0
1045682,Verizon Communications Inc,2021-06-29,BUY,89302.0,89302.0
1045682,Verizon Communications Inc,2021-06-30,BUY,89302.0,178604.0
1045682,Verizon Communications Inc,2025-01-21,SELL,89302.0,89302.0
1045682,Verizon Communications Inc,2025-03-26,BUY,18.0,89320.0
1045682,Verizon Communications Inc,2025-03-26,BUY,1203016.0,1292336.0
1045845,Vertex Pharmaceuticals Inc,2025-05-23,BUY,14118.0,14118.0
1045845,Vertex Pharmaceuticals Inc,2025-05-23,BUY,2.0,14120.0
1045656,Visa Inc,2022-10-18,BUY,17024.0,17024.0
1045656,Visa Inc,2025-03-26,SELL,17024.0,0.0
1046444,WEICHAI POWER CO LTD-H,2017-05-15,BUY,367594.0,367594.0
1046444,WEICHAI POWER CO LTD-H,2017-10-16,SELL,735188.0,-367594.0
1046444,WEICHAI POWER CO LTD-H,2020-01-02,BUY,550274.0,182680.0
1046444,WEICHAI POWER CO LTD-H,2021-02-15,SELL,550274.0,-367594.0
1046184,WHARF HOLDINGS LTD,2021-07-27,BUY,342664.0,342664.0
1046184,WHARF HOLDINGS LTD,2021-12-31,BUY,63294.0,405958.0
1046184,WHARF HOLDINGS LTD,2022-03-01,SELL,342664.0,63294.0
1046184,WHARF HOLDINGS LTD,2022-06-30,SELL,63294.0,0.0
1046653,WHEELOCK AND LTD,2017-02-28,BUY,342925.0,342925.0
1046653,WHEELOCK AND LTD,2017-03-31,SELL,342925.0,0.0
1046653,WHEELOCK AND LTD,2020-04-01,BUY,335195.0,335195.0
1046653,WHEELOCK AND LTD,2021-07-27,SELL,335195.0,0.0
1009097,Wal-Mart Stores Inc,2021-06-29,BUY,35368.0,35368.0
1009097,Wal-Mart Stores Inc,2024-05-02,SELL,35368.0,0.0
1009103,Walt Disney Co/The,2025-01-21,BUY,22.0,22.0
1009103,Walt Disney Co/The,2025-01-21,BUY,157326.0,157348.0
1009238,Wells Fargo & Co,2025-03-26,BUY,9.0,9.0
1009238,Wells Fargo & Co,2025-03-26,BUY,645452.0,645461.0
1045964,Western Digital Corp,2021-06-29,BUY,79246.0,79246.0
1045964,Western Digital Corp,2021-06-30,BUY,79246.0,158492.0
1045964,Western Digital Corp,2022-07-15,SELL,79246.0,79246.0
1045964,Western Digital Corp,2022-07-15,SELL,79246.0,0.0
1045964,Western Digital Corp,2022-09-29,BUY,111345.0,111345.0
1045964,Western Digital Corp,2022-09-29,BUY,111345.0,222690.0
1045964,Western Digital Corp,2023-05-02,SELL,111345.0,111345.0
1045964,Western Digital Corp,2023-05-02,SELL,111345.0,0.0
1046011,Western Union Co/The,2021-06-29,BUY,216956.0,216956.0
1046011,Western Union Co/The,2022-10-18,SELL,216956.0,0.0
1100184,Wharf Real Estate Investment Company Limited ,2021-07-27,BUY,342664.0,342664.0
1100184,Wharf Real Estate Investment Company Limited ,2021-12-31,BUY,63294.0,405958.0
1100184,Wharf Real Estate Investment Company Limited ,2023-03-31,SELL,405958.0,0.0
1100184,Wharf Real Estate Investment Company Limited ,2023-04-01,BUY,405958.0,405958.0
1100184,Wharf Real Estate Investment Company Limited ,2023-04-01,BUY,405958.0,811916.0
1100184,Wharf Real Estate Investment Company Limited ,2023-04-01,BUY,995212.0,1807128.0
1100184,Wharf Real Estate Investment Company Limited ,2025-01-20,SELL,405958.0,1401170.0
1100184,Wharf Real Estate Investment Company Limited ,2025-01-20,SELL,405958.0,995212.0
1100184,Wharf Real Estate Investment Company Limited ,2025-01-20,SELL,995212.0,0.0
1061570,Woori Financial Group Inc,2021-11-15,BUY,6505.0,6505.0
1061570,Woori Financial Group Inc,2025-03-21,SELL,6505.0,0.0
1046633,YUANTA FINANCIAL HOLDING CO. LTD.,2017-02-28,BUY,4439763.0,4439763.0
1046633,YUANTA FINANCIAL HOLDING CO. LTD.,2023-03-31,SELL,4439763.0,0.0
1046633,YUANTA FINANCIAL HOLDING CO. LTD.,2025-01-20,BUY,464366.0,464366.0
1046633,YUANTA FINANCIAL HOLDING CO. LTD.,2025-01-20,BUY,1120974.0,1585340.0
1046633,YUANTA FINANCIAL HOLDING CO. LTD.,2025-01-20,BUY,700.0,1586040.0
1046717,YUHAN CORP,2020-03-31,BUY,9960.0,9960.0
1046717,YUHAN CORP,2025-03-21,SELL,9960.0,0.0
1012346,YY Inc,2017-02-28,BUY,68187.0,68187.0
1012346,YY Inc,2017-05-15,SELL,68187.0,0.0
1061638,Yungjin Pharmaceutical Co Ltd,2022-04-14,BUY,91481.0,91481.0
1061638,Yungjin Pharmaceutical Co Ltd,2025-03-21,SELL,91481.0,0.0
1046552,ZTE CORP-H,2017-05-02,BUY,1437970.0,1437970.0
1046552,ZTE CORP-H,2017-05-02,BUY,1050286.0,2488256.0
1046552,ZTE CORP-H,2017-09-01,SELL,1437970.0,1050286.0
1046552,ZTE CORP-H,2017-09-01,SELL,1050286.0,0.0
1046552,ZTE CORP-H,2019-03-01,BUY,1487291.0,1487291.0
1046552,ZTE CORP-H,2021-04-01,SELL,1487291.0,0.0
1046552,ZTE CORP-H,2022-06-30,BUY,616309.0,616309.0
1046552,ZTE CORP-H,2023-04-01,BUY,616309.0,1232618.0
1046552,ZTE CORP-H,2023-04-01,BUY,616309.0,1848927.0
1046552,ZTE CORP-H,2023-04-01,BUY,894582.0,2743509.0
1046552,ZTE CORP-H,2025-01-20,SELL,125152.0,2618357.0
1046552,ZTE CORP-H,2025-01-20,SELL,316770.0,2301587.0
1046552,ZTE CORP-H,2025-01-20,SELL,125152.0,2176435.0
1046552,ZTE CORP-H,2025-01-20,BUY,400.0,2176835.0
1062535,Zendesk Inc,2024-06-03,BUY,15508.0,15508.0
1062535,Zendesk Inc,2025-03-26,SELL,15508.0,0.0
1045856,Zoetis Inc,2025-01-20,BUY,21454.0,21454.0
1045856,Zoetis Inc,2025-01-21,BUY,3.0,21457.0
1062537,Zynga Inc,2021-06-30,BUY,483220.0,483220.0
1062537,Zynga Inc,2021-06-30,BUY,483220.0,966440.0
1062537,Zynga Inc,2025-01-21,SELL,483220.0,483220.0
1062537,Zynga Inc,2025-03-26,SELL,483220.0,0.0
1045655,salesforce.com Inc,2025-03-26,BUY,2.0,2.0
1045655,salesforce.com Inc,2025-03-26,BUY,143434.0,143436.0
